{"email":"admin@statio-nexus.com","level":"info","message":"✅ User logged in successfully","role":"admin","userId":"6a0e1c7551fe1e4077f88f7f"}
{"level":"info","message":"📤 EMIT → notifications:audit","module":"notification"}
{"level":"warn","message":"Attempted refresh with blacklisted token"}
{"level":"warn","message":"Attempted refresh with blacklisted token"}
{"level":"warn","message":"Attempted refresh with blacklisted token"}
{"level":"warn","message":"Attempted refresh with blacklisted token"}
{"level":"warn","message":"Attempted refresh with blacklisted token"}
{"level":"warn","message":"Attempted refresh with blacklisted token"}
{"level":"warn","message":"Attempted refresh with blacklisted token"}
{"level":"warn","message":"Attempted refresh with blacklisted token"}
{"level":"warn","message":"Attempted refresh with blacklisted token"}
{"level":"warn","message":"Attempted refresh with blacklisted token"}
{"email":"admin@statio-nexus.com","level":"info","message":"✅ User logged in successfully","role":"admin","userId":"6a0e1c7551fe1e4077f88f7f"}
{"level":"info","message":"📤 EMIT → notifications:audit","module":"notification"}
{"level":"warn","message":"⚠️ Optional environment variables missing: STRIPE_SECRET_KEY. Some features may not work."}
{"level":"info","message":"✅ All required environment variables validated"}
{"level":"info","message":"✅ MongoDB connected: ac-7wu8mts-shard-00-01.ju6heal.mongodb.net"}
{"level":"info","message":"✅ NotificationService running in In-Memory Socket.IO mode"}
{"level":"info","message":"🚀 Server running on port 5000 in development mode"}
{"level":"info","message":"🌐 Allowed origins: http://localhost:5173, http://localhost:5174, http://127.0.0.1:5500, https://your-app.herokuapp.com, https://your-custom-domain.com"}
{"error":"Invalid login: 535-5.7.8 Username and Password not accepted. For more information, go to\n535 5.7.8  https://support.google.com/mail/?p=BadCredentials d9443c01a7336-2bf23b00e68sm79573975ad.44 - gsmtp","level":"error","message":"Email transporter verification failed"}
{"level":"info","message":"✅ Token refreshed successfully","role":"admin","userId":"6a0e1c7551fe1e4077f88f7f"}
{"level":"info","message":"✅ Token refreshed successfully","role":"admin","userId":"6a0e1c7551fe1e4077f88f7f"}
{"level":"info","message":"📤 EMIT → notifications:audit","module":"notification"}
{"level":"info","message":"✅ User logged out","role":"admin","userId":"6a0e1c7551fe1e4077f88f7f"}
{"level":"info","message":"📤 EMIT → notifications:audit","module":"notification"}
{"level":"info","message":"✅ User logged out","role":"admin","userId":"6a0e1c7551fe1e4077f88f7f"}
{"level":"info","message":"📤 EMIT → notifications:audit","module":"notification"}
{"level":"info","message":"📤 EMIT → notifications:audit","module":"notification"}
{"email":"owner@statio-nexus.com","level":"info","message":"✅ User logged in successfully","role":"owner","userId":"6a0e1c7651fe1e4077f88f87"}
{"level":"info","message":"📤 EMIT → notifications:audit","module":"notification"}
{"level":"warn","message":"Attempted refresh with blacklisted token"}
{"level":"warn","message":"Attempted refresh with blacklisted token"}
{"level":"warn","message":"Attempted refresh with blacklisted token"}
{"level":"warn","message":"Attempted refresh with blacklisted token"}
{"level":"warn","message":"⚠️ Optional environment variables missing: STRIPE_SECRET_KEY. Some features may not work."}
{"level":"info","message":"✅ All required environment variables validated"}
{"level":"info","message":"✅ MongoDB connected: ac-7wu8mts-shard-00-00.ju6heal.mongodb.net"}
{"level":"info","message":"✅ NotificationService running in In-Memory Socket.IO mode"}
{"level":"info","message":"🚀 Server running on port 5000 in development mode"}
{"level":"info","message":"🌐 Allowed origins: http://localhost:5173, http://localhost:5174, http://127.0.0.1:5500, https://your-app.herokuapp.com, https://your-custom-domain.com"}
{"error":"Invalid login: 535-5.7.8 Username and Password not accepted. For more information, go to\n535 5.7.8  https://support.google.com/mail/?p=BadCredentials d9443c01a7336-2bf239e700csm102453125ad.10 - gsmtp","level":"error","message":"Email transporter verification failed"}
{"level":"warn","message":"⚠️ Optional environment variables missing: STRIPE_SECRET_KEY. Some features may not work."}
{"level":"info","message":"✅ All required environment variables validated"}
{"level":"info","message":"✅ MongoDB connected: ac-7wu8mts-shard-00-00.ju6heal.mongodb.net"}
{"level":"info","message":"✅ NotificationService running in In-Memory Socket.IO mode"}
{"level":"info","message":"🚀 Server running on port 5000 in development mode"}
{"level":"info","message":"🌐 Allowed origins: http://localhost:5173, http://localhost:5174, http://127.0.0.1:5500, https://your-app.herokuapp.com, https://your-custom-domain.com"}
{"error":"Invalid login: 535-5.7.8 Username and Password not accepted. For more information, go to\n535 5.7.8  https://support.google.com/mail/?p=BadCredentials d9443c01a7336-2bf23b001a8sm80765565ad.40 - gsmtp","level":"error","message":"Email transporter verification failed"}
{"email":"owner@statio-nexus.com","level":"info","message":"✅ User logged in successfully","role":"owner","userId":"6a0e1c7651fe1e4077f88f87"}
{"level":"info","message":"📤 EMIT → notifications:audit","module":"notification"}
{"level":"warn","message":"Attempted refresh with blacklisted token"}
{"level":"warn","message":"Attempted refresh with blacklisted token"}
{"level":"warn","message":"Attempted refresh with blacklisted token"}
{"level":"warn","message":"Attempted refresh with blacklisted token"}
{"level":"warn","message":"Attempted refresh with blacklisted token"}
{"level":"warn","message":"Attempted refresh with blacklisted token"}
{"level":"warn","message":"Attempted refresh with blacklisted token"}
{"level":"warn","message":"Attempted refresh with blacklisted token"}
{"level":"warn","message":"Attempted refresh with blacklisted token"}
{"level":"warn","message":"Attempted refresh with blacklisted token"}
{"level":"warn","message":"Attempted refresh with blacklisted token"}
{"level":"warn","message":"Attempted refresh with blacklisted token"}
{"level":"warn","message":"Attempted refresh with blacklisted token"}
{"level":"warn","message":"Attempted refresh with blacklisted token"}
{"level":"warn","message":"Attempted refresh with blacklisted token"}
{"level":"warn","message":"Attempted refresh with blacklisted token"}
{"email":"owner@statio-nexus.com","level":"info","message":"✅ User logged in successfully","role":"owner","userId":"6a0e1c7651fe1e4077f88f87"}
{"level":"info","message":"📤 EMIT → notifications:audit","module":"notification"}
{"level":"warn","message":"Attempted refresh with blacklisted token"}
{"level":"warn","message":"Attempted refresh with blacklisted token"}
{"email":"owner@statio-nexus.com","level":"info","message":"✅ User logged in successfully","role":"owner","userId":"6a0e1c7651fe1e4077f88f87"}
{"level":"info","message":"📤 EMIT → notifications:audit","module":"notification"}
{"level":"warn","message":"Attempted refresh with blacklisted token"}
{"level":"warn","message":"Attempted refresh with blacklisted token"}
{"level":"warn","message":"Attempted refresh with blacklisted token"}
{"level":"warn","message":"Attempted refresh with blacklisted token"}
{"level":"warn","message":"Attempted refresh with blacklisted token"}
{"level":"warn","message":"Attempted refresh with blacklisted token"}
{"level":"info","message":"SIGINT received — shutting down gracefully"}
{"level":"warn","message":"⚠️ Optional environment variables missing: STRIPE_SECRET_KEY. Some features may not work."}
{"level":"info","message":"✅ All required environment variables validated"}
{"level":"info","message":"✅ MongoDB connected: ac-7wu8mts-shard-00-00.ju6heal.mongodb.net"}
{"level":"info","message":"✅ NotificationService running in In-Memory Socket.IO mode"}
{"level":"info","message":"🚀 Server running on port 5000 in development mode"}
{"level":"info","message":"🌐 Allowed origins: http://localhost:5173, http://localhost:5174, http://127.0.0.1:5500, https://your-app.herokuapp.com, https://your-custom-domain.com"}
{"level":"info","message":"✅ Token refreshed successfully","role":"owner","userId":"6a0e1c7651fe1e4077f88f87"}
{"level":"info","message":"📤 EMIT → notifications:audit","module":"notification"}
{"level":"info","message":"✅ User logged out","role":"owner","userId":"6a0e1c7651fe1e4077f88f87"}
{"error":"Invalid login: 535-5.7.8 Username and Password not accepted. For more information, go to\n535 5.7.8  https://support.google.com/mail/?p=BadCredentials d9443c01a7336-2bf23c4dd4csm81067635ad.78 - gsmtp","level":"error","message":"Email transporter verification failed"}
{"level":"info","message":"📤 EMIT → notifications:audit","module":"notification"}
{"level":"info","message":"✅ Token refreshed successfully","role":"owner","userId":"6a0e1c7651fe1e4077f88f87"}
{"level":"info","message":"📤 EMIT → notifications:audit","module":"notification"}
{"level":"info","message":"✅ User logged out","role":"owner","userId":"6a0e1c7651fe1e4077f88f87"}
{"level":"info","message":"📤 EMIT → notifications:audit","module":"notification"}
{"email":"owner@statio-nexus.com","level":"info","message":"✅ User logged in successfully","role":"owner","userId":"6a0e1c7651fe1e4077f88f87"}
{"level":"info","message":"📤 EMIT → notifications:audit","module":"notification"}
{"email":"owner@statio-nexus.com","level":"info","message":"✅ User logged in successfully","role":"owner","userId":"6a0e1c7651fe1e4077f88f87"}
{"level":"info","message":"📤 EMIT → notifications:audit","module":"notification"}
{"email":"owner@statio-nexus.com","level":"info","message":"✅ User logged in successfully","role":"owner","userId":"6a0e1c7651fe1e4077f88f87"}
{"level":"info","message":"📤 EMIT → notifications:audit","module":"notification"}
{"email":"admin@statio-nexus.com","level":"warn","message":"Failed login attempt — wrong password","userId":"6a0e1c7551fe1e4077f88f7f"}
{"email":"admin@statio-nexus.com","level":"info","message":"✅ User logged in successfully","role":"admin","userId":"6a0e1c7551fe1e4077f88f7f"}
{"level":"info","message":"📤 EMIT → notifications:audit","module":"notification"}
{"level":"warn","message":"Attempted refresh with blacklisted token"}
{"level":"warn","message":"Attempted refresh with blacklisted token"}
{"level":"warn","message":"Attempted refresh with blacklisted token"}
{"level":"warn","message":"Attempted refresh with blacklisted token"}
{"level":"warn","message":"Attempted refresh with blacklisted token"}
{"level":"warn","message":"Attempted refresh with blacklisted token"}
{"level":"warn","message":"Attempted refresh with blacklisted token"}
{"level":"warn","message":"Attempted refresh with blacklisted token"}
{"level":"warn","message":"Attempted refresh with blacklisted token"}
{"level":"warn","message":"Attempted refresh with blacklisted token"}
{"level":"warn","message":"Attempted refresh with blacklisted token"}
{"level":"warn","message":"Attempted refresh with blacklisted token"}
{"level":"warn","message":"Attempted refresh with blacklisted token"}
{"level":"warn","message":"Attempted refresh with blacklisted token"}
{"level":"info","message":"SIGINT received — shutting down gracefully"}
{"level":"warn","message":"⚠️ Optional environment variables missing: STRIPE_SECRET_KEY. Some features may not work."}
{"level":"info","message":"✅ All required environment variables validated"}
{"level":"info","message":"✅ MongoDB connected: ac-7wu8mts-shard-00-01.ju6heal.mongodb.net"}
{"level":"info","message":"✅ NotificationService running in In-Memory Socket.IO mode"}
{"level":"info","message":"🚀 Server running on port 5000 in development mode"}
{"level":"info","message":"🌐 Allowed origins: http://localhost:5173, http://localhost:5174, http://127.0.0.1:5500, https://your-app.herokuapp.com, https://your-custom-domain.com"}
{"level":"info","message":"✅ Token refreshed successfully","role":"admin","userId":"6a0e1c7551fe1e4077f88f7f"}
{"level":"info","message":"✅ User logged out","role":"admin","userId":"6a0e1c7551fe1e4077f88f7f"}
{"level":"info","message":"📤 EMIT → notifications:audit","module":"notification"}
{"level":"info","message":"📤 EMIT → notifications:audit","module":"notification"}
{"error":"Invalid login: 535-5.7.8 Username and Password not accepted. For more information, go to\n535 5.7.8  https://support.google.com/mail/?p=BadCredentials 98e67ed59e1d1-36bc6a34757sm7827694a91.10 - gsmtp","level":"error","message":"Email transporter verification failed"}
{"level":"info","message":"✅ Token refreshed successfully","role":"admin","userId":"6a0e1c7551fe1e4077f88f7f"}
{"level":"info","message":"✅ User logged out","role":"admin","userId":"6a0e1c7551fe1e4077f88f7f"}
{"level":"info","message":"📤 EMIT → notifications:audit","module":"notification"}
{"level":"info","message":"📤 EMIT → notifications:audit","module":"notification"}
{"email":"owner@statio-nexus.com","level":"info","message":"✅ User logged in successfully","role":"owner","userId":"6a0e1c7651fe1e4077f88f87"}
{"level":"info","message":"📤 EMIT → notifications:audit","module":"notification"}
{"level":"warn","message":"Attempted refresh with blacklisted token"}
{"level":"warn","message":"Attempted refresh with blacklisted token"}
{"level":"info","message":"SIGINT received — shutting down gracefully"}
{"level":"warn","message":"⚠️ Optional environment variables missing: STRIPE_SECRET_KEY. Some features may not work."}
{"level":"info","message":"✅ All required environment variables validated"}
{"level":"info","message":"✅ MongoDB connected: ac-7wu8mts-shard-00-01.ju6heal.mongodb.net"}
{"level":"info","message":"✅ NotificationService running in In-Memory Socket.IO mode"}
{"level":"info","message":"🚀 Server running on port 5000 in development mode"}
{"level":"info","message":"🌐 Allowed origins: http://localhost:5173, http://localhost:5174, http://127.0.0.1:5500, https://your-app.herokuapp.com, https://your-custom-domain.com"}
{"error":"Invalid login: 535-5.7.8 Username and Password not accepted. For more information, go to\n535 5.7.8  https://support.google.com/mail/?p=BadCredentials d2e1a72fcca58-84233c08eefsm3906443b3a.4 - gsmtp","level":"error","message":"Email transporter verification failed"}
{"level":"info","message":"SIGINT received — shutting down gracefully"}
{"level":"warn","message":"⚠️ Optional environment variables missing: STRIPE_SECRET_KEY. Some features may not work."}
{"level":"info","message":"✅ All required environment variables validated"}
{"level":"info","message":"✅ MongoDB connected: ac-7wu8mts-shard-00-00.ju6heal.mongodb.net"}
{"level":"info","message":"✅ NotificationService running in In-Memory Socket.IO mode"}
{"level":"info","message":"🚀 Server running on port 5000 in development mode"}
{"level":"info","message":"🌐 Allowed origins: http://localhost:5173, http://localhost:5174, http://127.0.0.1:5500, https://your-app.herokuapp.com, https://your-custom-domain.com"}
{"error":"Invalid login: 535-5.7.8 Username and Password not accepted. For more information, go to\n535 5.7.8  https://support.google.com/mail/?p=BadCredentials 41be03b00d2f7-c859391cbfbsm3900240a12.17 - gsmtp","level":"error","message":"Email transporter verification failed"}
{"level":"info","message":"SIGINT received — shutting down gracefully"}
{"level":"warn","message":"⚠️ Optional environment variables missing: STRIPE_SECRET_KEY. Some features may not work."}
{"level":"info","message":"✅ All required environment variables validated"}
{"level":"info","message":"✅ MongoDB connected: ac-7wu8mts-shard-00-01.ju6heal.mongodb.net"}
{"level":"info","message":"✅ NotificationService running in In-Memory Socket.IO mode"}
{"level":"info","message":"🚀 Server running on port 5000 in development mode"}
{"level":"info","message":"🌐 Allowed origins: http://localhost:5173, http://localhost:5174, http://127.0.0.1:5500, https://your-app.herokuapp.com, https://your-custom-domain.com"}
{"error":"Invalid login: 535-5.7.8 Username and Password not accepted. For more information, go to\n535 5.7.8  https://support.google.com/mail/?p=BadCredentials d2e1a72fcca58-8423828159esm3557595b3a.35 - gsmtp","level":"error","message":"Email transporter verification failed"}
{"level":"info","message":"✅ Token refreshed successfully","role":"owner","userId":"6a0e1c7651fe1e4077f88f87"}
{"level":"info","message":"✅ Token refreshed successfully","role":"owner","userId":"6a0e1c7651fe1e4077f88f87"}
{"level":"info","message":"📤 EMIT → notifications:audit","module":"notification"}
{"level":"info","message":"📤 EMIT → notifications:audit","module":"notification"}
{"level":"warn","message":"Attempted refresh with blacklisted token"}
{"level":"warn","message":"Attempted refresh with blacklisted token"}
{"level":"warn","message":"Attempted refresh with blacklisted token"}
{"level":"warn","message":"Attempted refresh with blacklisted token"}
{"email":"owner@statio-nexus.com","level":"info","message":"✅ User logged in successfully","role":"owner","userId":"6a0e1c7651fe1e4077f88f87"}
{"level":"info","message":"📤 EMIT → notifications:audit","module":"notification"}
{"level":"warn","message":"Attempted refresh with blacklisted token"}
{"level":"warn","message":"Attempted refresh with blacklisted token"}
{"level":"warn","message":"⚠️ Optional environment variables missing: STRIPE_SECRET_KEY. Some features may not work."}
{"level":"info","message":"✅ All required environment variables validated"}
{"level":"info","message":"✅ MongoDB connected: ac-7wu8mts-shard-00-00.ju6heal.mongodb.net"}
{"level":"info","message":"✅ NotificationService running in In-Memory Socket.IO mode"}
{"level":"info","message":"🚀 Server running on port 5000 in development mode"}
{"level":"info","message":"🌐 Allowed origins: http://localhost:5173, http://localhost:5174, http://127.0.0.1:5500, https://your-app.herokuapp.com, https://your-custom-domain.com"}
{"error":"Invalid login: 535-5.7.8 Username and Password not accepted. For more information, go to\n535 5.7.8  https://support.google.com/mail/?p=BadCredentials d2e1a72fcca58-8423f419128sm2887444b3a.21 - gsmtp","level":"error","message":"Email transporter verification failed"}
{"level":"warn","message":"⚠️ Optional environment variables missing: STRIPE_SECRET_KEY. Some features may not work."}
{"level":"info","message":"✅ All required environment variables validated"}
{"level":"info","message":"✅ MongoDB connected: ac-7wu8mts-shard-00-00.ju6heal.mongodb.net"}
{"level":"info","message":"✅ NotificationService running in In-Memory Socket.IO mode"}
{"level":"info","message":"🚀 Server running on port 5000 in development mode"}
{"level":"info","message":"🌐 Allowed origins: http://localhost:5173, http://localhost:5174, http://127.0.0.1:5500, https://your-app.herokuapp.com, https://your-custom-domain.com"}
{"error":"Invalid login: 535-5.7.8 Username and Password not accepted. For more information, go to\n535 5.7.8  https://support.google.com/mail/?p=BadCredentials d9443c01a7336-2bf23b018b6sm83192455ad.43 - gsmtp","level":"error","message":"Email transporter verification failed"}
{"level":"info","message":"✅ Token refreshed successfully","role":"owner","userId":"6a0e1c7651fe1e4077f88f87"}
{"level":"info","message":"✅ Token refreshed successfully","role":"owner","userId":"6a0e1c7651fe1e4077f88f87"}
{"level":"info","message":"📤 EMIT → notifications:audit","module":"notification"}
{"level":"info","message":"📤 EMIT → notifications:audit","module":"notification"}
{"level":"info","message":"✅ Token refreshed successfully","role":"owner","userId":"6a0e1c7651fe1e4077f88f87"}
{"level":"info","message":"✅ Token refreshed successfully","role":"owner","userId":"6a0e1c7651fe1e4077f88f87"}
{"level":"info","message":"📤 EMIT → notifications:audit","module":"notification"}
{"level":"info","message":"📤 EMIT → notifications:audit","module":"notification"}
{"level":"info","message":"✅ Token refreshed successfully","role":"owner","userId":"6a0e1c7651fe1e4077f88f87"}
{"level":"info","message":"✅ Token refreshed successfully","role":"owner","userId":"6a0e1c7651fe1e4077f88f87"}
{"level":"info","message":"📤 EMIT → notifications:audit","module":"notification"}
{"level":"info","message":"📤 EMIT → notifications:audit","module":"notification"}
{"level":"info","message":"✅ Token refreshed successfully","role":"owner","userId":"6a0e1c7651fe1e4077f88f87"}
{"level":"info","message":"✅ Token refreshed successfully","role":"owner","userId":"6a0e1c7651fe1e4077f88f87"}
{"level":"info","message":"📤 EMIT → notifications:audit","module":"notification"}
{"level":"info","message":"📤 EMIT → notifications:audit","module":"notification"}
{"level":"info","message":"✅ Token refreshed successfully","role":"owner","userId":"6a0e1c7651fe1e4077f88f87"}
{"level":"info","message":"✅ Token refreshed successfully","role":"owner","userId":"6a0e1c7651fe1e4077f88f87"}
{"level":"info","message":"📤 EMIT → notifications:audit","module":"notification"}
{"level":"info","message":"📤 EMIT → notifications:audit","module":"notification"}
{"email":"owner@statio-nexus.com","level":"warn","message":"Failed login attempt — wrong password","userId":"6a0e1c7651fe1e4077f88f87"}
{"email":"owner@statio-nexus.com","level":"info","message":"✅ User logged in successfully","role":"owner","userId":"6a0e1c7651fe1e4077f88f87"}
{"level":"info","message":"📤 EMIT → notifications:audit","module":"notification"}
{"level":"info","message":"✅ Token refreshed successfully","role":"owner","userId":"6a0e1c7651fe1e4077f88f87"}
{"level":"info","message":"✅ Token refreshed successfully","role":"owner","userId":"6a0e1c7651fe1e4077f88f87"}
{"level":"info","message":"📤 EMIT → notifications:audit","module":"notification"}
{"level":"info","message":"📤 EMIT → notifications:audit","module":"notification"}
{"level":"info","message":"✅ Token refreshed successfully","role":"owner","userId":"6a0e1c7651fe1e4077f88f87"}
{"level":"info","message":"✅ Token refreshed successfully","role":"owner","userId":"6a0e1c7651fe1e4077f88f87"}
{"level":"info","message":"📤 EMIT → notifications:audit","module":"notification"}
{"level":"info","message":"📤 EMIT → notifications:audit","module":"notification"}
{"level":"info","message":"✅ Token refreshed successfully","role":"owner","userId":"6a0e1c7651fe1e4077f88f87"}
{"level":"info","message":"✅ Token refreshed successfully","role":"owner","userId":"6a0e1c7651fe1e4077f88f87"}
{"level":"info","message":"📤 EMIT → notifications:audit","module":"notification"}
{"level":"info","message":"📤 EMIT → notifications:audit","module":"notification"}
{"level":"info","message":"✅ Token refreshed successfully","role":"owner","userId":"6a0e1c7651fe1e4077f88f87"}
{"level":"info","message":"✅ Token refreshed successfully","role":"owner","userId":"6a0e1c7651fe1e4077f88f87"}
{"level":"info","message":"📤 EMIT → notifications:audit","module":"notification"}
{"level":"warn","message":"Attempted refresh with blacklisted token"}
{"level":"warn","message":"Attempted refresh with blacklisted token"}
{"level":"info","message":"📤 EMIT → notifications:audit","module":"notification"}
{"email":"owner@statio-nexus.com","level":"info","message":"✅ User logged in successfully","role":"owner","userId":"6a0e1c7651fe1e4077f88f87"}
{"level":"info","message":"📤 EMIT → notifications:audit","module":"notification"}
{"level":"info","message":"✅ Token refreshed successfully","role":"owner","userId":"6a0e1c7651fe1e4077f88f87"}
{"level":"info","message":"✅ Token refreshed successfully","role":"owner","userId":"6a0e1c7651fe1e4077f88f87"}
{"level":"info","message":"📤 EMIT → notifications:audit","module":"notification"}
{"level":"info","message":"📤 EMIT → notifications:audit","module":"notification"}
{"level":"info","message":"✅ Token refreshed successfully","role":"owner","userId":"6a0e1c7651fe1e4077f88f87"}
{"level":"info","message":"✅ Token refreshed successfully","role":"owner","userId":"6a0e1c7651fe1e4077f88f87"}
{"level":"info","message":"📤 EMIT → notifications:audit","module":"notification"}
{"level":"info","message":"📤 EMIT → notifications:audit","module":"notification"}
{"level":"info","message":"✅ Token refreshed successfully","role":"owner","userId":"6a0e1c7651fe1e4077f88f87"}
{"level":"info","message":"✅ Token refreshed successfully","role":"owner","userId":"6a0e1c7651fe1e4077f88f87"}
{"level":"info","message":"📤 EMIT → notifications:audit","module":"notification"}
{"level":"info","message":"📤 EMIT → notifications:audit","module":"notification"}
{"level":"info","message":"✅ Token refreshed successfully","role":"owner","userId":"6a0e1c7651fe1e4077f88f87"}
{"level":"info","message":"✅ Token refreshed successfully","role":"owner","userId":"6a0e1c7651fe1e4077f88f87"}
{"level":"info","message":"📤 EMIT → notifications:audit","module":"notification"}
{"level":"info","message":"📤 EMIT → notifications:audit","module":"notification"}
{"level":"info","message":"✅ User logged out","role":"owner","userId":"6a0e1c7651fe1e4077f88f87"}
{"level":"info","message":"📤 EMIT → notifications:audit","module":"notification"}
{"email":"owner@statio-nexus.com","level":"info","message":"✅ User logged in successfully","role":"owner","userId":"6a0e1c7651fe1e4077f88f87"}
{"level":"info","message":"📤 EMIT → notifications:audit","module":"notification"}
{"level":"info","message":"✅ Token refreshed successfully","role":"owner","userId":"6a0e1c7651fe1e4077f88f87"}
{"level":"info","message":"✅ Token refreshed successfully","role":"owner","userId":"6a0e1c7651fe1e4077f88f87"}
{"level":"info","message":"📤 EMIT → notifications:audit","module":"notification"}
{"level":"info","message":"📤 EMIT → notifications:audit","module":"notification"}
{"level":"info","message":"✅ User logged out","role":"owner","userId":"6a0e1c7651fe1e4077f88f87"}
{"level":"info","message":"📤 EMIT → notifications:audit","module":"notification"}
{"email":"owner@statio-nexus.com","level":"info","message":"✅ User logged in successfully","role":"owner","userId":"6a0e1c7651fe1e4077f88f87"}
{"level":"info","message":"📤 EMIT → notifications:audit","module":"notification"}
{"level":"info","message":"✅ Token refreshed successfully","role":"owner","userId":"6a0e1c7651fe1e4077f88f87"}
{"level":"info","message":"✅ Token refreshed successfully","role":"owner","userId":"6a0e1c7651fe1e4077f88f87"}
{"level":"info","message":"📤 EMIT → notifications:audit","module":"notification"}
{"level":"info","message":"📤 EMIT → notifications:audit","module":"notification"}
{"level":"info","message":"✅ User logged out","role":"owner","userId":"6a0e1c7651fe1e4077f88f87"}
{"level":"info","message":"📤 EMIT → notifications:audit","module":"notification"}
{"level":"info","message":"SIGINT received — shutting down gracefully"}
{"level":"warn","message":"⚠️ Optional environment variables missing: STRIPE_SECRET_KEY. Some features may not work."}
{"level":"info","message":"✅ All required environment variables validated"}
{"level":"info","message":"✅ MongoDB connected: ac-7wu8mts-shard-00-00.ju6heal.mongodb.net"}
{"level":"info","message":"✅ NotificationService running in In-Memory Socket.IO mode"}
{"level":"info","message":"🚀 Server running on port 5000 in development mode"}
{"level":"info","message":"🌐 Allowed origins: http://localhost:5173, http://localhost:5174, http://127.0.0.1:5500, https://your-app.herokuapp.com, https://your-custom-domain.com"}
{"error":"Invalid login: 535-5.7.8 Username and Password not accepted. For more information, go to\n535 5.7.8  https://support.google.com/mail/?p=BadCredentials 41be03b00d2f7-c8580efbad6sm5878965a12.13 - gsmtp","level":"error","message":"Email transporter verification failed"}
{"email":"owner@statio-nexus.com","level":"info","message":"✅ User logged in successfully","role":"owner","userId":"6a0e1c7651fe1e4077f88f87"}
{"level":"info","message":"📤 EMIT → notifications:audit","module":"notification"}
{"level":"info","message":"✅ Token refreshed successfully","role":"owner","userId":"6a0e1c7651fe1e4077f88f87"}
{"level":"info","message":"✅ Token refreshed successfully","role":"owner","userId":"6a0e1c7651fe1e4077f88f87"}
{"level":"info","message":"📤 EMIT → notifications:audit","module":"notification"}
{"level":"info","message":"📤 EMIT → notifications:audit","module":"notification"}
{"level":"info","message":"✅ Token refreshed successfully","role":"owner","userId":"6a0e1c7651fe1e4077f88f87"}
{"level":"info","message":"✅ Token refreshed successfully","role":"owner","userId":"6a0e1c7651fe1e4077f88f87"}
{"level":"info","message":"📤 EMIT → notifications:audit","module":"notification"}
{"level":"info","message":"📤 EMIT → notifications:audit","module":"notification"}
{"level":"info","message":"✅ Token refreshed successfully","role":"owner","userId":"6a0e1c7651fe1e4077f88f87"}
{"level":"info","message":"✅ Token refreshed successfully","role":"owner","userId":"6a0e1c7651fe1e4077f88f87"}
{"level":"info","message":"📤 EMIT → notifications:audit","module":"notification"}
{"level":"info","message":"📤 EMIT → notifications:audit","module":"notification"}
{"level":"info","message":"✅ Token refreshed successfully","role":"owner","userId":"6a0e1c7651fe1e4077f88f87"}
{"level":"info","message":"✅ Token refreshed successfully","role":"owner","userId":"6a0e1c7651fe1e4077f88f87"}
{"level":"info","message":"📤 EMIT → notifications:audit","module":"notification"}
{"level":"info","message":"📤 EMIT → notifications:audit","module":"notification"}
{"level":"warn","message":"⚠️ Optional environment variables missing: STRIPE_SECRET_KEY. Some features may not work."}
{"level":"info","message":"✅ All required environment variables validated"}
{"level":"info","message":"✅ MongoDB connected: ac-7wu8mts-shard-00-00.ju6heal.mongodb.net"}
{"level":"info","message":"✅ NotificationService running in In-Memory Socket.IO mode"}
{"level":"info","message":"🚀 Server running on port 5000 in development mode"}
{"level":"info","message":"🌐 Allowed origins: http://localhost:5173, http://localhost:5174, http://127.0.0.1:5500, https://your-app.herokuapp.com, https://your-custom-domain.com"}
{"error":"Invalid login: 535-5.7.8 Username and Password not accepted. For more information, go to\n535 5.7.8  https://support.google.com/mail/?p=BadCredentials d9443c01a7336-2bf239fd24fsm100212655ad.20 - gsmtp","level":"error","message":"Email transporter verification failed"}
{"level":"warn","message":"⚠️ Optional environment variables missing: STRIPE_SECRET_KEY. Some features may not work."}
{"level":"info","message":"✅ All required environment variables validated"}
{"level":"info","message":"✅ MongoDB connected: ac-7wu8mts-shard-00-00.ju6heal.mongodb.net"}
{"level":"info","message":"✅ NotificationService running in In-Memory Socket.IO mode"}
{"level":"info","message":"🚀 Server running on port 5000 in development mode"}
{"level":"info","message":"🌐 Allowed origins: http://localhost:5173, http://localhost:5174, http://127.0.0.1:5500, https://your-app.herokuapp.com, https://your-custom-domain.com"}
{"error":"Invalid login: 535-5.7.8 Username and Password not accepted. For more information, go to\n535 5.7.8  https://support.google.com/mail/?p=BadCredentials d9443c01a7336-2bf23b0121fsm81810685ad.49 - gsmtp","level":"error","message":"Email transporter verification failed"}
{"error":"jwt expired","level":"error","message":"Auth middleware error:","name":"TokenExpiredError","path":"/analytics"}
{"level":"info","message":"✅ Token refreshed successfully","role":"owner","userId":"6a0e1c7651fe1e4077f88f87"}
{"level":"info","message":"📤 EMIT → notifications:audit","module":"notification"}
{"level":"info","message":"✅ Token refreshed successfully","role":"owner","userId":"6a0e1c7651fe1e4077f88f87"}
{"level":"info","message":"✅ Token refreshed successfully","role":"owner","userId":"6a0e1c7651fe1e4077f88f87"}
{"level":"info","message":"📤 EMIT → notifications:audit","module":"notification"}
{"level":"info","message":"📤 EMIT → notifications:audit","module":"notification"}
{"level":"warn","message":"⚠️ Optional environment variables missing: STRIPE_SECRET_KEY. Some features may not work."}
{"level":"info","message":"✅ All required environment variables validated"}
{"level":"info","message":"✅ MongoDB connected: ac-7wu8mts-shard-00-01.ju6heal.mongodb.net"}
{"level":"info","message":"✅ NotificationService running in In-Memory Socket.IO mode"}
{"level":"info","message":"🚀 Server running on port 5000 in development mode"}
{"level":"info","message":"🌐 Allowed origins: http://localhost:5173, http://localhost:5174, http://127.0.0.1:5500, https://your-app.herokuapp.com, https://your-custom-domain.com"}
{"error":"Invalid login: 535-5.7.8 Username and Password not accepted. For more information, go to\n535 5.7.8  https://support.google.com/mail/?p=BadCredentials 98e67ed59e1d1-36bc6a34ca9sm7960281a91.9 - gsmtp","level":"error","message":"Email transporter verification failed"}
{"_message":"StationSpot validation failed","errors":{"spotNumber":{"kind":"required","message":"Spot number is required","name":"ValidatorError","path":"spotNumber","properties":{"message":"Spot number is required","path":"spotNumber","type":"required"}}},"level":"error","message":"createLocation error: StationSpot validation failed: spotNumber: Spot number is required","stack":"ValidationError: StationSpot validation failed: spotNumber: Spot number is required\n    at Document.invalidate (C:\\Users\\Lawrenz\\Downloads\\statio-nexus\\statio-nexus\\Server\\node_modules\\mongoose\\lib\\document.js:3381:32)\n    at C:\\Users\\Lawrenz\\Downloads\\statio-nexus\\statio-nexus\\Server\\node_modules\\mongoose\\lib\\document.js:3142:17\n    at C:\\Users\\Lawrenz\\Downloads\\statio-nexus\\statio-nexus\\Server\\node_modules\\mongoose\\lib\\schemaType.js:1443:9\n    at process.processTicksAndRejections (node:internal/process/task_queues:84:11)"}
{"level":"warn","message":"⚠️ Optional environment variables missing: STRIPE_SECRET_KEY. Some features may not work."}
{"level":"info","message":"✅ All required environment variables validated"}
{"level":"info","message":"✅ MongoDB connected: ac-7wu8mts-shard-00-00.ju6heal.mongodb.net"}
{"level":"info","message":"✅ NotificationService running in In-Memory Socket.IO mode"}
{"level":"info","message":"🚀 Server running on port 5000 in development mode"}
{"level":"info","message":"🌐 Allowed origins: http://localhost:5173, http://localhost:5174, http://127.0.0.1:5500, https://your-app.herokuapp.com, https://your-custom-domain.com"}
{"level":"info","message":"55 spot(s) created at \"Crossroad\" by owner 6a0e1c7651fe1e4077f88f87"}
{"error":"Invalid login: 535-5.7.8 Username and Password not accepted. For more information, go to\n535 5.7.8  https://support.google.com/mail/?p=BadCredentials d2e1a72fcca58-84214c92fc6sm7711910b3a.36 - gsmtp","level":"error","message":"Email transporter verification failed"}
{"level":"warn","message":"⚠️ Optional environment variables missing: STRIPE_SECRET_KEY. Some features may not work."}
{"level":"info","message":"✅ All required environment variables validated"}
{"level":"info","message":"✅ MongoDB connected: ac-7wu8mts-shard-00-00.ju6heal.mongodb.net"}
{"level":"info","message":"✅ NotificationService running in In-Memory Socket.IO mode"}
{"level":"info","message":"🚀 Server running on port 5000 in development mode"}
{"level":"info","message":"🌐 Allowed origins: http://localhost:5173, http://localhost:5174, http://127.0.0.1:5500, https://your-app.herokuapp.com, https://your-custom-domain.com"}
{"error":"Invalid login: 535-5.7.8 Username and Password not accepted. For more information, go to\n535 5.7.8  https://support.google.com/mail/?p=BadCredentials d9443c01a7336-2bf23c4dd4csm82557685ad.78 - gsmtp","level":"error","message":"Email transporter verification failed"}
{"level":"info","message":"✅ Token refreshed successfully","role":"owner","userId":"6a0e1c7651fe1e4077f88f87"}
{"level":"info","message":"✅ Token refreshed successfully","role":"owner","userId":"6a0e1c7651fe1e4077f88f87"}
{"level":"info","message":"📤 EMIT → notifications:audit","module":"notification"}
{"level":"info","message":"📤 EMIT → notifications:audit","module":"notification"}
{"level":"info","message":"✅ Token refreshed successfully","role":"owner","userId":"6a0e1c7651fe1e4077f88f87"}
{"level":"info","message":"✅ Token refreshed successfully","role":"owner","userId":"6a0e1c7651fe1e4077f88f87"}
{"level":"info","message":"📤 EMIT → notifications:audit","module":"notification"}
{"level":"info","message":"📤 EMIT → notifications:audit","module":"notification"}
{"level":"warn","message":"⚠️ Optional environment variables missing: STRIPE_SECRET_KEY. Some features may not work."}
{"level":"info","message":"✅ All required environment variables validated"}
{"level":"info","message":"✅ MongoDB connected: ac-7wu8mts-shard-00-00.ju6heal.mongodb.net"}
{"level":"info","message":"✅ NotificationService running in In-Memory Socket.IO mode"}
{"level":"info","message":"🚀 Server running on port 5000 in development mode"}
{"level":"info","message":"🌐 Allowed origins: http://localhost:5173, http://localhost:5174, http://127.0.0.1:5500, https://your-app.herokuapp.com, https://your-custom-domain.com"}
{"error":"Invalid login: 535-5.7.8 Username and Password not accepted. For more information, go to\n535 5.7.8  https://support.google.com/mail/?p=BadCredentials d9443c01a7336-2bf3125ff09sm65508255ad.84 - gsmtp","level":"error","message":"Email transporter verification failed"}
{"level":"info","message":"33 spot(s) created at \"adada\" by owner 6a0e1c7651fe1e4077f88f87"}
{"level":"info","message":"✅ Token refreshed successfully","role":"owner","userId":"6a0e1c7651fe1e4077f88f87"}
{"level":"info","message":"✅ Token refreshed successfully","role":"owner","userId":"6a0e1c7651fe1e4077f88f87"}
{"level":"info","message":"📤 EMIT → notifications:audit","module":"notification"}
{"level":"info","message":"📤 EMIT → notifications:audit","module":"notification"}
{"level":"warn","message":"⚠️ Optional environment variables missing: STRIPE_SECRET_KEY. Some features may not work."}
{"level":"info","message":"✅ All required environment variables validated"}
{"level":"warn","message":"⚠️ Optional environment variables missing: STRIPE_SECRET_KEY. Some features may not work."}
{"level":"info","message":"✅ All required environment variables validated"}
{"level":"info","message":"✅ MongoDB connected: ac-7wu8mts-shard-00-00.ju6heal.mongodb.net"}
{"level":"info","message":"✅ NotificationService running in In-Memory Socket.IO mode"}
{"level":"info","message":"🚀 Server running on port 5000 in development mode"}
{"level":"info","message":"🌐 Allowed origins: http://localhost:5173, http://localhost:5174, http://127.0.0.1:5500, https://your-app.herokuapp.com, https://your-custom-domain.com"}
{"error":"Invalid login: 535-5.7.8 Username and Password not accepted. For more information, go to\n535 5.7.8  https://support.google.com/mail/?p=BadCredentials 41be03b00d2f7-c857ea007b6sm6035089a12.19 - gsmtp","level":"error","message":"Email transporter verification failed"}
{"email":"admin@statio-nexus.com","level":"info","message":"✅ User logged in successfully","role":"admin","userId":"6a0e1c7551fe1e4077f88f7f"}
{"level":"info","message":"📤 EMIT → notifications:audit","module":"notification"}
{"level":"info","message":"✅ Token refreshed successfully","role":"admin","userId":"6a0e1c7551fe1e4077f88f7f"}
{"level":"info","message":"✅ Token refreshed successfully","role":"admin","userId":"6a0e1c7551fe1e4077f88f7f"}
{"level":"info","message":"📤 EMIT → notifications:audit","module":"notification"}
{"level":"info","message":"📤 EMIT → notifications:audit","module":"notification"}
{"level":"info","message":"✅ Token refreshed successfully","role":"admin","userId":"6a0e1c7551fe1e4077f88f7f"}
{"level":"info","message":"✅ Token refreshed successfully","role":"admin","userId":"6a0e1c7551fe1e4077f88f7f"}
{"level":"info","message":"📤 EMIT → notifications:audit","module":"notification"}
{"level":"info","message":"📤 EMIT → notifications:audit","module":"notification"}
{"email":"admin@statio-nexus.com","level":"info","message":"✅ User logged in successfully","role":"admin","userId":"6a0e1c7551fe1e4077f88f7f"}
{"level":"info","message":"📤 EMIT → notifications:audit","module":"notification"}
{"level":"warn","message":"⚠️ Optional environment variables missing: STRIPE_SECRET_KEY. Some features may not work."}
{"level":"info","message":"✅ All required environment variables validated"}
{"level":"warn","message":"⚠️ Optional environment variables missing: STRIPE_SECRET_KEY. Some features may not work."}
{"level":"info","message":"✅ All required environment variables validated"}
{"level":"info","message":"✅ MongoDB connected: ac-7wu8mts-shard-00-02.ju6heal.mongodb.net"}
{"level":"info","message":"✅ NotificationService running in In-Memory Socket.IO mode"}
{"level":"info","message":"🚀 Server running on port 5000 in development mode"}
{"level":"info","message":"🌐 Allowed origins: http://localhost:5173, http://localhost:5174, http://127.0.0.1:5500, https://your-app.herokuapp.com, https://your-custom-domain.com"}
{"error":"Invalid login: 535-5.7.8 Username and Password not accepted. For more information, go to\n535 5.7.8  https://support.google.com/mail/?p=BadCredentials d2e1a72fcca58-84214b30b0dsm8238957b3a.19 - gsmtp","level":"error","message":"Email transporter verification failed"}
{"level":"warn","message":"⚠️ Optional environment variables missing: STRIPE_SECRET_KEY. Some features may not work."}
{"level":"info","message":"✅ All required environment variables validated"}
{"level":"info","message":"✅ MongoDB connected: ac-7wu8mts-shard-00-02.ju6heal.mongodb.net"}
{"level":"info","message":"✅ NotificationService running in In-Memory Socket.IO mode"}
{"level":"info","message":"🚀 Server running on port 5000 in development mode"}
{"level":"info","message":"🌐 Allowed origins: http://localhost:5173, http://localhost:5174, http://127.0.0.1:5500, https://your-app.herokuapp.com, https://your-custom-domain.com"}
{"error":"Invalid login: 535-5.7.8 Username and Password not accepted. For more information, go to\n535 5.7.8  https://support.google.com/mail/?p=BadCredentials d9443c01a7336-2bf23b00ea6sm103754815ad.42 - gsmtp","level":"error","message":"Email transporter verification failed"}
{"level":"warn","message":"⚠️ Optional environment variables missing: STRIPE_SECRET_KEY. Some features may not work."}
{"level":"info","message":"✅ All required environment variables validated"}
{"level":"info","message":"✅ MongoDB connected: ac-7wu8mts-shard-00-00.ju6heal.mongodb.net"}
{"level":"info","message":"✅ NotificationService running in In-Memory Socket.IO mode"}
{"level":"info","message":"🚀 Server running on port 5000 in development mode"}
{"level":"info","message":"🌐 Allowed origins: http://localhost:5173, http://localhost:5174, http://127.0.0.1:5500, https://your-app.herokuapp.com, https://your-custom-domain.com"}
{"error":"Invalid login: 535-5.7.8 Username and Password not accepted. For more information, go to\n535 5.7.8  https://support.google.com/mail/?p=BadCredentials 98e67ed59e1d1-36bbdcf7a0fsm4833338a91.2 - gsmtp","level":"error","message":"Email transporter verification failed"}
{"level":"info","message":"✅ Token refreshed successfully","role":"admin","userId":"6a0e1c7551fe1e4077f88f7f"}
{"level":"info","message":"✅ Token refreshed successfully","role":"admin","userId":"6a0e1c7551fe1e4077f88f7f"}
{"level":"info","message":"📤 EMIT → notifications:audit","module":"notification"}
{"level":"info","message":"📤 EMIT → notifications:audit","module":"notification"}
{"level":"info","message":"✅ Token refreshed successfully","role":"admin","userId":"6a0e1c7551fe1e4077f88f7f"}
{"level":"info","message":"✅ Token refreshed successfully","role":"admin","userId":"6a0e1c7551fe1e4077f88f7f"}
{"level":"info","message":"📤 EMIT → notifications:audit","module":"notification"}
{"level":"info","message":"📤 EMIT → notifications:audit","module":"notification"}
{"level":"info","message":"✅ Token refreshed successfully","role":"admin","userId":"6a0e1c7551fe1e4077f88f7f"}
{"level":"info","message":"✅ Token refreshed successfully","role":"admin","userId":"6a0e1c7551fe1e4077f88f7f"}
{"level":"info","message":"📤 EMIT → notifications:audit","module":"notification"}
{"level":"info","message":"📤 EMIT → notifications:audit","module":"notification"}
{"email":"owner@statio-nexus.com","level":"info","message":"✅ User logged in successfully","role":"owner","userId":"6a0e1c7651fe1e4077f88f87"}
{"level":"info","message":"📤 EMIT → notifications:audit","module":"notification"}
{"level":"warn","message":"⚠️ Optional environment variables missing: STRIPE_SECRET_KEY. Some features may not work."}
{"level":"info","message":"✅ All required environment variables validated"}
{"level":"info","message":"✅ MongoDB connected: ac-7wu8mts-shard-00-01.ju6heal.mongodb.net"}
{"level":"info","message":"✅ NotificationService running in In-Memory Socket.IO mode"}
{"level":"info","message":"🚀 Server running on port 5000 in development mode"}
{"level":"info","message":"🌐 Allowed origins: http://localhost:5173, http://localhost:5174, http://127.0.0.1:5500, https://your-app.herokuapp.com, https://your-custom-domain.com"}
{"error":"Invalid login: 535-5.7.8 Username and Password not accepted. For more information, go to\n535 5.7.8  https://support.google.com/mail/?p=BadCredentials d9443c01a7336-2bf23b0121fsm82272785ad.49 - gsmtp","level":"error","message":"Email transporter verification failed"}
{"level":"warn","message":"⚠️ Optional environment variables missing: STRIPE_SECRET_KEY. Some features may not work."}
{"level":"info","message":"✅ All required environment variables validated"}
{"level":"info","message":"✅ MongoDB connected: ac-7wu8mts-shard-00-00.ju6heal.mongodb.net"}
{"level":"info","message":"✅ NotificationService running in In-Memory Socket.IO mode"}
{"level":"info","message":"🚀 Server running on port 5000 in development mode"}
{"level":"info","message":"🌐 Allowed origins: http://localhost:5173, http://localhost:5174, http://127.0.0.1:5500, https://your-app.herokuapp.com, https://your-custom-domain.com"}
{"error":"Invalid login: 535-5.7.8 Username and Password not accepted. For more information, go to\n535 5.7.8  https://support.google.com/mail/?p=BadCredentials d9443c01a7336-2bf239e8059sm77899225ad.9 - gsmtp","level":"error","message":"Email transporter verification failed"}
{"level":"info","message":"✅ Token refreshed successfully","role":"owner","userId":"6a0e1c7651fe1e4077f88f87"}
{"level":"info","message":"✅ Token refreshed successfully","role":"owner","userId":"6a0e1c7651fe1e4077f88f87"}
{"level":"info","message":"📤 EMIT → notifications:audit","module":"notification"}
{"level":"info","message":"📤 EMIT → notifications:audit","module":"notification"}
{"error":"jwt expired","level":"error","message":"Auth middleware error:","name":"TokenExpiredError","path":"/spots"}
{"error":"jwt expired","level":"error","message":"Auth middleware error:","name":"TokenExpiredError","path":"/spots"}
{"error":"jwt expired","level":"error","message":"Auth middleware error:","name":"TokenExpiredError","path":"/bookings"}
{"error":"jwt expired","level":"error","message":"Auth middleware error:","name":"TokenExpiredError","path":"/bookings"}
{"level":"info","message":"✅ Token refreshed successfully","role":"owner","userId":"6a0e1c7651fe1e4077f88f87"}
{"actualRole":"owner","level":"warn","message":"Authorization denied","path":"/spots","requiredRoles":["admin"],"userId":"6a0e1c7651fe1e4077f88f87"}
{"actualRole":"owner","level":"warn","message":"Authorization denied","path":"/bookings","requiredRoles":["admin"],"userId":"6a0e1c7651fe1e4077f88f87"}
{"level":"info","message":"📤 EMIT → notifications:audit","module":"notification"}
{"actualRole":"owner","level":"warn","message":"Authorization denied","path":"/spots","requiredRoles":["admin"],"userId":"6a0e1c7651fe1e4077f88f87"}
{"actualRole":"owner","level":"warn","message":"Authorization denied","path":"/bookings","requiredRoles":["admin"],"userId":"6a0e1c7651fe1e4077f88f87"}
{"actualRole":"owner","level":"warn","message":"Authorization denied","path":"/bookings","requiredRoles":["admin"],"userId":"6a0e1c7651fe1e4077f88f87"}
{"actualRole":"owner","level":"warn","message":"Authorization denied","path":"/spots","requiredRoles":["admin"],"userId":"6a0e1c7651fe1e4077f88f87"}
{"actualRole":"owner","level":"warn","message":"Authorization denied","path":"/bookings","requiredRoles":["admin"],"userId":"6a0e1c7651fe1e4077f88f87"}
{"actualRole":"owner","level":"warn","message":"Authorization denied","path":"/spots","requiredRoles":["admin"],"userId":"6a0e1c7651fe1e4077f88f87"}
{"actualRole":"owner","level":"warn","message":"Authorization denied","path":"/bookings","requiredRoles":["admin"],"userId":"6a0e1c7651fe1e4077f88f87"}
{"actualRole":"owner","level":"warn","message":"Authorization denied","path":"/spots","requiredRoles":["admin"],"userId":"6a0e1c7651fe1e4077f88f87"}
{"actualRole":"owner","level":"warn","message":"Authorization denied","path":"/bookings","requiredRoles":["admin"],"userId":"6a0e1c7651fe1e4077f88f87"}
{"actualRole":"owner","level":"warn","message":"Authorization denied","path":"/spots","requiredRoles":["admin"],"userId":"6a0e1c7651fe1e4077f88f87"}
{"actualRole":"owner","level":"warn","message":"Authorization denied","path":"/bookings","requiredRoles":["admin"],"userId":"6a0e1c7651fe1e4077f88f87"}
{"actualRole":"owner","level":"warn","message":"Authorization denied","path":"/spots","requiredRoles":["admin"],"userId":"6a0e1c7651fe1e4077f88f87"}
{"actualRole":"owner","level":"warn","message":"Authorization denied","path":"/bookings","requiredRoles":["admin"],"userId":"6a0e1c7651fe1e4077f88f87"}
{"actualRole":"owner","level":"warn","message":"Authorization denied","path":"/spots","requiredRoles":["admin"],"userId":"6a0e1c7651fe1e4077f88f87"}
{"actualRole":"owner","level":"warn","message":"Authorization denied","path":"/bookings","requiredRoles":["admin"],"userId":"6a0e1c7651fe1e4077f88f87"}
{"actualRole":"owner","level":"warn","message":"Authorization denied","path":"/spots","requiredRoles":["admin"],"userId":"6a0e1c7651fe1e4077f88f87"}
{"actualRole":"owner","level":"warn","message":"Authorization denied","path":"/bookings","requiredRoles":["admin"],"userId":"6a0e1c7651fe1e4077f88f87"}
{"actualRole":"owner","level":"warn","message":"Authorization denied","path":"/spots","requiredRoles":["admin"],"userId":"6a0e1c7651fe1e4077f88f87"}
{"level":"info","message":"✅ Token refreshed successfully","role":"owner","userId":"6a0e1c7651fe1e4077f88f87"}
{"level":"info","message":"✅ Token refreshed successfully","role":"owner","userId":"6a0e1c7651fe1e4077f88f87"}
{"level":"info","message":"📤 EMIT → notifications:audit","module":"notification"}
{"level":"info","message":"📤 EMIT → notifications:audit","module":"notification"}
{"level":"info","message":"✅ Token refreshed successfully","role":"owner","userId":"6a0e1c7651fe1e4077f88f87"}
{"level":"info","message":"✅ Token refreshed successfully","role":"owner","userId":"6a0e1c7651fe1e4077f88f87"}
{"level":"info","message":"📤 EMIT → notifications:audit","module":"notification"}
{"level":"info","message":"📤 EMIT → notifications:audit","module":"notification"}
{"level":"info","message":"✅ Token refreshed successfully","role":"owner","userId":"6a0e1c7651fe1e4077f88f87"}
{"level":"info","message":"✅ Token refreshed successfully","role":"owner","userId":"6a0e1c7651fe1e4077f88f87"}
{"level":"info","message":"📤 EMIT → notifications:audit","module":"notification"}
{"level":"info","message":"📤 EMIT → notifications:audit","module":"notification"}
{"email":"owner@statio-nexus.com","level":"info","message":"✅ User logged in successfully","role":"owner","userId":"6a0e1c7651fe1e4077f88f87"}
{"level":"info","message":"📤 EMIT → notifications:audit","module":"notification"}
{"level":"info","message":"✅ User logged out","role":"owner","userId":"6a0e1c7651fe1e4077f88f87"}
{"level":"info","message":"📤 EMIT → notifications:audit","module":"notification"}
{"level":"warn","message":"⚠️ Optional environment variables missing: STRIPE_SECRET_KEY. Some features may not work."}
{"level":"info","message":"✅ All required environment variables validated"}
{"level":"info","message":"✅ MongoDB connected: ac-7wu8mts-shard-00-01.ju6heal.mongodb.net"}
{"level":"info","message":"✅ NotificationService running in In-Memory Socket.IO mode"}
{"level":"info","message":"🚀 Server running on port 5000 in development mode"}
{"level":"info","message":"🌐 Allowed origins: http://localhost:5173, http://localhost:5174, http://127.0.0.1:5500, https://your-app.herokuapp.com, https://your-custom-domain.com"}
{"error":"Invalid login: 535-5.7.8 Username and Password not accepted. For more information, go to\n535 5.7.8  https://support.google.com/mail/?p=BadCredentials 98e67ed59e1d1-36bc1d9f2bbsm5323186a91.2 - gsmtp","level":"error","message":"Email transporter verification failed"}
{"level":"warn","message":"⚠️ Optional environment variables missing: STRIPE_SECRET_KEY. Some features may not work."}
{"level":"info","message":"✅ All required environment variables validated"}
{"level":"info","message":"✅ MongoDB connected: ac-7wu8mts-shard-00-00.ju6heal.mongodb.net"}
{"level":"info","message":"✅ NotificationService running in In-Memory Socket.IO mode"}
{"level":"info","message":"🚀 Server running on port 5000 in development mode"}
{"level":"info","message":"🌐 Allowed origins: http://localhost:5173, http://localhost:5174, http://127.0.0.1:5500, https://your-app.herokuapp.com, https://your-custom-domain.com"}
{"error":"Invalid login: 535-5.7.8 Username and Password not accepted. For more information, go to\n535 5.7.8  https://support.google.com/mail/?p=BadCredentials 98e67ed59e1d1-36bc1d9f2bbsm5323389a91.2 - gsmtp","level":"error","message":"Email transporter verification failed"}
{"level":"warn","message":"⚠️ Optional environment variables missing: STRIPE_SECRET_KEY. Some features may not work."}
{"level":"info","message":"✅ All required environment variables validated"}
{"level":"info","message":"✅ MongoDB connected: ac-7wu8mts-shard-00-00.ju6heal.mongodb.net"}
{"level":"info","message":"✅ NotificationService running in In-Memory Socket.IO mode"}
{"level":"info","message":"🚀 Server running on port 5000 in development mode"}
{"level":"info","message":"🌐 Allowed origins: http://localhost:5173, http://localhost:5174, http://127.0.0.1:5500, https://your-app.herokuapp.com, https://your-custom-domain.com"}
{"error":"Invalid login: 535-5.7.8 Username and Password not accepted. For more information, go to\n535 5.7.8  https://support.google.com/mail/?p=BadCredentials 98e67ed59e1d1-36bc65e760dsm9892802a91.2 - gsmtp","level":"error","message":"Email transporter verification failed"}
{"level":"warn","message":"⚠️ Optional environment variables missing: STRIPE_SECRET_KEY. Some features may not work."}
{"level":"info","message":"✅ All required environment variables validated"}
{"level":"info","message":"✅ MongoDB connected: ac-7wu8mts-shard-00-02.ju6heal.mongodb.net"}
{"level":"info","message":"✅ NotificationService running in In-Memory Socket.IO mode"}
{"level":"info","message":"🚀 Server running on port 5000 in development mode"}
{"level":"info","message":"🌐 Allowed origins: http://localhost:5173, http://localhost:5174, http://127.0.0.1:5500, https://your-app.herokuapp.com, https://your-custom-domain.com"}
{"error":"Invalid login: 535-5.7.8 Username and Password not accepted. For more information, go to\n535 5.7.8  https://support.google.com/mail/?p=BadCredentials d9443c01a7336-2bf23c3eb31sm86877735ad.75 - gsmtp","level":"error","message":"Email transporter verification failed"}
{"email":"owner@statio-nexus.com","level":"info","message":"✅ User logged in successfully","role":"owner","userId":"6a0e1c7651fe1e4077f88f87"}
{"level":"info","message":"📤 EMIT → notifications:audit","module":"notification"}
{"level":"info","message":"✅ Token refreshed successfully","role":"owner","userId":"6a0e1c7651fe1e4077f88f87"}
{"level":"info","message":"✅ Token refreshed successfully","role":"owner","userId":"6a0e1c7651fe1e4077f88f87"}
{"level":"info","message":"📤 EMIT → notifications:audit","module":"notification"}
{"level":"info","message":"📤 EMIT → notifications:audit","module":"notification"}
{"level":"warn","message":"⚠️ Optional environment variables missing: STRIPE_SECRET_KEY. Some features may not work."}
{"level":"info","message":"✅ All required environment variables validated"}
{"level":"info","message":"✅ MongoDB connected: ac-7wu8mts-shard-00-02.ju6heal.mongodb.net"}
{"level":"info","message":"✅ NotificationService running in In-Memory Socket.IO mode"}
{"level":"info","message":"🚀 Server running on port 5000 in development mode"}
{"level":"info","message":"🌐 Allowed origins: http://localhost:5173, http://localhost:5174, http://127.0.0.1:5500, https://your-app.herokuapp.com, https://your-custom-domain.com"}
{"error":"Invalid login: 535-5.7.8 Username and Password not accepted. For more information, go to\n535 5.7.8  https://support.google.com/mail/?p=BadCredentials d2e1a72fcca58-8422e712309sm6103544b3a.59 - gsmtp","level":"error","message":"Email transporter verification failed"}
{"level":"error","message":"getAnalytics error: Cannot populate path `station` because it is not in your schema. Set the `strictPopulate` option to false to override.","path":"station","stack":"StrictPopulateError: Cannot populate path `station` because it is not in your schema. Set the `strictPopulate` option to false to override.\n    at getModelsMapForPopulate (C:\\Users\\Lawrenz\\Downloads\\statio-nexus\\statio-nexus\\Server\\node_modules\\mongoose\\lib\\helpers\\populate\\getModelsMapForPopulate.js:50:12)\n    at _populatePath (C:\\Users\\Lawrenz\\Downloads\\statio-nexus\\statio-nexus\\Server\\node_modules\\mongoose\\lib\\model.js:4492:21)\n    at model.populate (C:\\Users\\Lawrenz\\Downloads\\statio-nexus\\statio-nexus\\Server\\node_modules\\mongoose\\lib\\model.js:4459:21)\n    at model.Query._find (C:\\Users\\Lawrenz\\Downloads\\statio-nexus\\statio-nexus\\Server\\node_modules\\mongoose\\lib\\query.js:2452:23)\n    at process.processTicksAndRejections (node:internal/process/task_queues:103:5)\n    at async model.Query.exec (C:\\Users\\Lawrenz\\Downloads\\statio-nexus\\statio-nexus\\Server\\node_modules\\mongoose\\lib\\query.js:4627:63)\n    at async Promise.all (index 7)\n    at async exports.getAnalytics (C:\\Users\\Lawrenz\\Downloads\\statio-nexus\\statio-nexus\\Server\\Components\\modules\\owner\\owner.controller.js:182:9)"}
{"level":"error","message":"getAnalytics error: Cannot populate path `station` because it is not in your schema. Set the `strictPopulate` option to false to override.","path":"station","stack":"StrictPopulateError: Cannot populate path `station` because it is not in your schema. Set the `strictPopulate` option to false to override.\n    at getModelsMapForPopulate (C:\\Users\\Lawrenz\\Downloads\\statio-nexus\\statio-nexus\\Server\\node_modules\\mongoose\\lib\\helpers\\populate\\getModelsMapForPopulate.js:50:12)\n    at _populatePath (C:\\Users\\Lawrenz\\Downloads\\statio-nexus\\statio-nexus\\Server\\node_modules\\mongoose\\lib\\model.js:4492:21)\n    at model.populate (C:\\Users\\Lawrenz\\Downloads\\statio-nexus\\statio-nexus\\Server\\node_modules\\mongoose\\lib\\model.js:4459:21)\n    at model.Query._find (C:\\Users\\Lawrenz\\Downloads\\statio-nexus\\statio-nexus\\Server\\node_modules\\mongoose\\lib\\query.js:2452:23)\n    at process.processTicksAndRejections (node:internal/process/task_queues:103:5)\n    at async model.Query.exec (C:\\Users\\Lawrenz\\Downloads\\statio-nexus\\statio-nexus\\Server\\node_modules\\mongoose\\lib\\query.js:4627:63)\n    at async Promise.all (index 7)\n    at async exports.getAnalytics (C:\\Users\\Lawrenz\\Downloads\\statio-nexus\\statio-nexus\\Server\\Components\\modules\\owner\\owner.controller.js:182:9)"}
{"level":"error","message":"getAnalytics error: Cannot populate path `station` because it is not in your schema. Set the `strictPopulate` option to false to override.","path":"station","stack":"StrictPopulateError: Cannot populate path `station` because it is not in your schema. Set the `strictPopulate` option to false to override.\n    at getModelsMapForPopulate (C:\\Users\\Lawrenz\\Downloads\\statio-nexus\\statio-nexus\\Server\\node_modules\\mongoose\\lib\\helpers\\populate\\getModelsMapForPopulate.js:50:12)\n    at _populatePath (C:\\Users\\Lawrenz\\Downloads\\statio-nexus\\statio-nexus\\Server\\node_modules\\mongoose\\lib\\model.js:4492:21)\n    at model.populate (C:\\Users\\Lawrenz\\Downloads\\statio-nexus\\statio-nexus\\Server\\node_modules\\mongoose\\lib\\model.js:4459:21)\n    at model.Query._find (C:\\Users\\Lawrenz\\Downloads\\statio-nexus\\statio-nexus\\Server\\node_modules\\mongoose\\lib\\query.js:2452:23)\n    at process.processTicksAndRejections (node:internal/process/task_queues:103:5)\n    at async model.Query.exec (C:\\Users\\Lawrenz\\Downloads\\statio-nexus\\statio-nexus\\Server\\node_modules\\mongoose\\lib\\query.js:4627:63)\n    at async Promise.all (index 7)\n    at async exports.getAnalytics (C:\\Users\\Lawrenz\\Downloads\\statio-nexus\\statio-nexus\\Server\\Components\\modules\\owner\\owner.controller.js:182:9)"}
{"level":"error","message":"getAnalytics error: Cannot populate path `station` because it is not in your schema. Set the `strictPopulate` option to false to override.","path":"station","stack":"StrictPopulateError: Cannot populate path `station` because it is not in your schema. Set the `strictPopulate` option to false to override.\n    at getModelsMapForPopulate (C:\\Users\\Lawrenz\\Downloads\\statio-nexus\\statio-nexus\\Server\\node_modules\\mongoose\\lib\\helpers\\populate\\getModelsMapForPopulate.js:50:12)\n    at _populatePath (C:\\Users\\Lawrenz\\Downloads\\statio-nexus\\statio-nexus\\Server\\node_modules\\mongoose\\lib\\model.js:4492:21)\n    at model.populate (C:\\Users\\Lawrenz\\Downloads\\statio-nexus\\statio-nexus\\Server\\node_modules\\mongoose\\lib\\model.js:4459:21)\n    at model.Query._find (C:\\Users\\Lawrenz\\Downloads\\statio-nexus\\statio-nexus\\Server\\node_modules\\mongoose\\lib\\query.js:2452:23)\n    at process.processTicksAndRejections (node:internal/process/task_queues:103:5)\n    at async model.Query.exec (C:\\Users\\Lawrenz\\Downloads\\statio-nexus\\statio-nexus\\Server\\node_modules\\mongoose\\lib\\query.js:4627:63)\n    at async Promise.all (index 7)\n    at async exports.getAnalytics (C:\\Users\\Lawrenz\\Downloads\\statio-nexus\\statio-nexus\\Server\\Components\\modules\\owner\\owner.controller.js:182:9)"}
{"level":"error","message":"getAnalytics error: Cannot populate path `station` because it is not in your schema. Set the `strictPopulate` option to false to override.","path":"station","stack":"StrictPopulateError: Cannot populate path `station` because it is not in your schema. Set the `strictPopulate` option to false to override.\n    at getModelsMapForPopulate (C:\\Users\\Lawrenz\\Downloads\\statio-nexus\\statio-nexus\\Server\\node_modules\\mongoose\\lib\\helpers\\populate\\getModelsMapForPopulate.js:50:12)\n    at _populatePath (C:\\Users\\Lawrenz\\Downloads\\statio-nexus\\statio-nexus\\Server\\node_modules\\mongoose\\lib\\model.js:4492:21)\n    at model.populate (C:\\Users\\Lawrenz\\Downloads\\statio-nexus\\statio-nexus\\Server\\node_modules\\mongoose\\lib\\model.js:4459:21)\n    at model.Query._find (C:\\Users\\Lawrenz\\Downloads\\statio-nexus\\statio-nexus\\Server\\node_modules\\mongoose\\lib\\query.js:2452:23)\n    at process.processTicksAndRejections (node:internal/process/task_queues:103:5)\n    at async model.Query.exec (C:\\Users\\Lawrenz\\Downloads\\statio-nexus\\statio-nexus\\Server\\node_modules\\mongoose\\lib\\query.js:4627:63)\n    at async Promise.all (index 7)\n    at async exports.getAnalytics (C:\\Users\\Lawrenz\\Downloads\\statio-nexus\\statio-nexus\\Server\\Components\\modules\\owner\\owner.controller.js:182:9)"}
{"level":"error","message":"getAnalytics error: Cannot populate path `station` because it is not in your schema. Set the `strictPopulate` option to false to override.","path":"station","stack":"StrictPopulateError: Cannot populate path `station` because it is not in your schema. Set the `strictPopulate` option to false to override.\n    at getModelsMapForPopulate (C:\\Users\\Lawrenz\\Downloads\\statio-nexus\\statio-nexus\\Server\\node_modules\\mongoose\\lib\\helpers\\populate\\getModelsMapForPopulate.js:50:12)\n    at _populatePath (C:\\Users\\Lawrenz\\Downloads\\statio-nexus\\statio-nexus\\Server\\node_modules\\mongoose\\lib\\model.js:4492:21)\n    at model.populate (C:\\Users\\Lawrenz\\Downloads\\statio-nexus\\statio-nexus\\Server\\node_modules\\mongoose\\lib\\model.js:4459:21)\n    at model.Query._find (C:\\Users\\Lawrenz\\Downloads\\statio-nexus\\statio-nexus\\Server\\node_modules\\mongoose\\lib\\query.js:2452:23)\n    at process.processTicksAndRejections (node:internal/process/task_queues:103:5)\n    at async model.Query.exec (C:\\Users\\Lawrenz\\Downloads\\statio-nexus\\statio-nexus\\Server\\node_modules\\mongoose\\lib\\query.js:4627:63)\n    at async Promise.all (index 7)\n    at async exports.getAnalytics (C:\\Users\\Lawrenz\\Downloads\\statio-nexus\\statio-nexus\\Server\\Components\\modules\\owner\\owner.controller.js:182:9)"}
{"level":"error","message":"getAnalytics error: Cannot populate path `station` because it is not in your schema. Set the `strictPopulate` option to false to override.","path":"station","stack":"StrictPopulateError: Cannot populate path `station` because it is not in your schema. Set the `strictPopulate` option to false to override.\n    at getModelsMapForPopulate (C:\\Users\\Lawrenz\\Downloads\\statio-nexus\\statio-nexus\\Server\\node_modules\\mongoose\\lib\\helpers\\populate\\getModelsMapForPopulate.js:50:12)\n    at _populatePath (C:\\Users\\Lawrenz\\Downloads\\statio-nexus\\statio-nexus\\Server\\node_modules\\mongoose\\lib\\model.js:4492:21)\n    at model.populate (C:\\Users\\Lawrenz\\Downloads\\statio-nexus\\statio-nexus\\Server\\node_modules\\mongoose\\lib\\model.js:4459:21)\n    at model.Query._find (C:\\Users\\Lawrenz\\Downloads\\statio-nexus\\statio-nexus\\Server\\node_modules\\mongoose\\lib\\query.js:2452:23)\n    at process.processTicksAndRejections (node:internal/process/task_queues:103:5)\n    at async model.Query.exec (C:\\Users\\Lawrenz\\Downloads\\statio-nexus\\statio-nexus\\Server\\node_modules\\mongoose\\lib\\query.js:4627:63)\n    at async Promise.all (index 7)\n    at async exports.getAnalytics (C:\\Users\\Lawrenz\\Downloads\\statio-nexus\\statio-nexus\\Server\\Components\\modules\\owner\\owner.controller.js:182:9)"}
{"level":"error","message":"getOwnerBookings error: Cannot populate path `station` because it is not in your schema. Set the `strictPopulate` option to false to override.","path":"station","stack":"StrictPopulateError: Cannot populate path `station` because it is not in your schema. Set the `strictPopulate` option to false to override.\n    at getModelsMapForPopulate (C:\\Users\\Lawrenz\\Downloads\\statio-nexus\\statio-nexus\\Server\\node_modules\\mongoose\\lib\\helpers\\populate\\getModelsMapForPopulate.js:50:12)\n    at _populatePath (C:\\Users\\Lawrenz\\Downloads\\statio-nexus\\statio-nexus\\Server\\node_modules\\mongoose\\lib\\model.js:4492:21)\n    at model.populate (C:\\Users\\Lawrenz\\Downloads\\statio-nexus\\statio-nexus\\Server\\node_modules\\mongoose\\lib\\model.js:4459:21)\n    at model.Query._find (C:\\Users\\Lawrenz\\Downloads\\statio-nexus\\statio-nexus\\Server\\node_modules\\mongoose\\lib\\query.js:2452:23)\n    at process.processTicksAndRejections (node:internal/process/task_queues:103:5)\n    at async model.Query.exec (C:\\Users\\Lawrenz\\Downloads\\statio-nexus\\statio-nexus\\Server\\node_modules\\mongoose\\lib\\query.js:4627:63)\n    at async Promise.all (index 0)\n    at async exports.getOwnerBookings (C:\\Users\\Lawrenz\\Downloads\\statio-nexus\\statio-nexus\\Server\\Components\\modules\\owner\\owner.controller.js:975:31)"}
{"level":"error","message":"getOwnerBookings error: Cannot populate path `station` because it is not in your schema. Set the `strictPopulate` option to false to override.","path":"station","stack":"StrictPopulateError: Cannot populate path `station` because it is not in your schema. Set the `strictPopulate` option to false to override.\n    at getModelsMapForPopulate (C:\\Users\\Lawrenz\\Downloads\\statio-nexus\\statio-nexus\\Server\\node_modules\\mongoose\\lib\\helpers\\populate\\getModelsMapForPopulate.js:50:12)\n    at _populatePath (C:\\Users\\Lawrenz\\Downloads\\statio-nexus\\statio-nexus\\Server\\node_modules\\mongoose\\lib\\model.js:4492:21)\n    at model.populate (C:\\Users\\Lawrenz\\Downloads\\statio-nexus\\statio-nexus\\Server\\node_modules\\mongoose\\lib\\model.js:4459:21)\n    at model.Query._find (C:\\Users\\Lawrenz\\Downloads\\statio-nexus\\statio-nexus\\Server\\node_modules\\mongoose\\lib\\query.js:2452:23)\n    at process.processTicksAndRejections (node:internal/process/task_queues:103:5)\n    at async model.Query.exec (C:\\Users\\Lawrenz\\Downloads\\statio-nexus\\statio-nexus\\Server\\node_modules\\mongoose\\lib\\query.js:4627:63)\n    at async Promise.all (index 0)\n    at async exports.getOwnerBookings (C:\\Users\\Lawrenz\\Downloads\\statio-nexus\\statio-nexus\\Server\\Components\\modules\\owner\\owner.controller.js:975:31)"}
{"level":"error","message":"getOwnerBookings error: Cannot populate path `station` because it is not in your schema. Set the `strictPopulate` option to false to override.","path":"station","stack":"StrictPopulateError: Cannot populate path `station` because it is not in your schema. Set the `strictPopulate` option to false to override.\n    at getModelsMapForPopulate (C:\\Users\\Lawrenz\\Downloads\\statio-nexus\\statio-nexus\\Server\\node_modules\\mongoose\\lib\\helpers\\populate\\getModelsMapForPopulate.js:50:12)\n    at _populatePath (C:\\Users\\Lawrenz\\Downloads\\statio-nexus\\statio-nexus\\Server\\node_modules\\mongoose\\lib\\model.js:4492:21)\n    at model.populate (C:\\Users\\Lawrenz\\Downloads\\statio-nexus\\statio-nexus\\Server\\node_modules\\mongoose\\lib\\model.js:4459:21)\n    at model.Query._find (C:\\Users\\Lawrenz\\Downloads\\statio-nexus\\statio-nexus\\Server\\node_modules\\mongoose\\lib\\query.js:2452:23)\n    at process.processTicksAndRejections (node:internal/process/task_queues:103:5)\n    at async model.Query.exec (C:\\Users\\Lawrenz\\Downloads\\statio-nexus\\statio-nexus\\Server\\node_modules\\mongoose\\lib\\query.js:4627:63)\n    at async Promise.all (index 0)\n    at async exports.getOwnerBookings (C:\\Users\\Lawrenz\\Downloads\\statio-nexus\\statio-nexus\\Server\\Components\\modules\\owner\\owner.controller.js:975:31)"}
{"level":"error","message":"getOwnerBookings error: Cannot populate path `station` because it is not in your schema. Set the `strictPopulate` option to false to override.","path":"station","stack":"StrictPopulateError: Cannot populate path `station` because it is not in your schema. Set the `strictPopulate` option to false to override.\n    at getModelsMapForPopulate (C:\\Users\\Lawrenz\\Downloads\\statio-nexus\\statio-nexus\\Server\\node_modules\\mongoose\\lib\\helpers\\populate\\getModelsMapForPopulate.js:50:12)\n    at _populatePath (C:\\Users\\Lawrenz\\Downloads\\statio-nexus\\statio-nexus\\Server\\node_modules\\mongoose\\lib\\model.js:4492:21)\n    at model.populate (C:\\Users\\Lawrenz\\Downloads\\statio-nexus\\statio-nexus\\Server\\node_modules\\mongoose\\lib\\model.js:4459:21)\n    at model.Query._find (C:\\Users\\Lawrenz\\Downloads\\statio-nexus\\statio-nexus\\Server\\node_modules\\mongoose\\lib\\query.js:2452:23)\n    at process.processTicksAndRejections (node:internal/process/task_queues:103:5)\n    at async model.Query.exec (C:\\Users\\Lawrenz\\Downloads\\statio-nexus\\statio-nexus\\Server\\node_modules\\mongoose\\lib\\query.js:4627:63)\n    at async Promise.all (index 0)\n    at async exports.getOwnerBookings (C:\\Users\\Lawrenz\\Downloads\\statio-nexus\\statio-nexus\\Server\\Components\\modules\\owner\\owner.controller.js:975:31)"}
{"level":"info","message":"✅ Token refreshed successfully","role":"owner","userId":"6a0e1c7651fe1e4077f88f87"}
{"level":"info","message":"✅ Token refreshed successfully","role":"owner","userId":"6a0e1c7651fe1e4077f88f87"}
{"level":"info","message":"📤 EMIT → notifications:audit","module":"notification"}
{"level":"info","message":"📤 EMIT → notifications:audit","module":"notification"}
{"level":"error","message":"getAnalytics error: Cannot populate path `station` because it is not in your schema. Set the `strictPopulate` option to false to override.","path":"station","stack":"StrictPopulateError: Cannot populate path `station` because it is not in your schema. Set the `strictPopulate` option to false to override.\n    at getModelsMapForPopulate (C:\\Users\\Lawrenz\\Downloads\\statio-nexus\\statio-nexus\\Server\\node_modules\\mongoose\\lib\\helpers\\populate\\getModelsMapForPopulate.js:50:12)\n    at _populatePath (C:\\Users\\Lawrenz\\Downloads\\statio-nexus\\statio-nexus\\Server\\node_modules\\mongoose\\lib\\model.js:4492:21)\n    at model.populate (C:\\Users\\Lawrenz\\Downloads\\statio-nexus\\statio-nexus\\Server\\node_modules\\mongoose\\lib\\model.js:4459:21)\n    at model.Query._find (C:\\Users\\Lawrenz\\Downloads\\statio-nexus\\statio-nexus\\Server\\node_modules\\mongoose\\lib\\query.js:2452:23)\n    at process.processTicksAndRejections (node:internal/process/task_queues:103:5)\n    at async model.Query.exec (C:\\Users\\Lawrenz\\Downloads\\statio-nexus\\statio-nexus\\Server\\node_modules\\mongoose\\lib\\query.js:4627:63)\n    at async Promise.all (index 7)\n    at async exports.getAnalytics (C:\\Users\\Lawrenz\\Downloads\\statio-nexus\\statio-nexus\\Server\\Components\\modules\\owner\\owner.controller.js:182:9)"}
{"level":"error","message":"getAnalytics error: Cannot populate path `station` because it is not in your schema. Set the `strictPopulate` option to false to override.","path":"station","stack":"StrictPopulateError: Cannot populate path `station` because it is not in your schema. Set the `strictPopulate` option to false to override.\n    at getModelsMapForPopulate (C:\\Users\\Lawrenz\\Downloads\\statio-nexus\\statio-nexus\\Server\\node_modules\\mongoose\\lib\\helpers\\populate\\getModelsMapForPopulate.js:50:12)\n    at _populatePath (C:\\Users\\Lawrenz\\Downloads\\statio-nexus\\statio-nexus\\Server\\node_modules\\mongoose\\lib\\model.js:4492:21)\n    at model.populate (C:\\Users\\Lawrenz\\Downloads\\statio-nexus\\statio-nexus\\Server\\node_modules\\mongoose\\lib\\model.js:4459:21)\n    at model.Query._find (C:\\Users\\Lawrenz\\Downloads\\statio-nexus\\statio-nexus\\Server\\node_modules\\mongoose\\lib\\query.js:2452:23)\n    at process.processTicksAndRejections (node:internal/process/task_queues:103:5)\n    at async model.Query.exec (C:\\Users\\Lawrenz\\Downloads\\statio-nexus\\statio-nexus\\Server\\node_modules\\mongoose\\lib\\query.js:4627:63)\n    at async Promise.all (index 7)\n    at async exports.getAnalytics (C:\\Users\\Lawrenz\\Downloads\\statio-nexus\\statio-nexus\\Server\\Components\\modules\\owner\\owner.controller.js:182:9)"}
{"level":"error","message":"getAnalytics error: Cannot populate path `station` because it is not in your schema. Set the `strictPopulate` option to false to override.","path":"station","stack":"StrictPopulateError: Cannot populate path `station` because it is not in your schema. Set the `strictPopulate` option to false to override.\n    at getModelsMapForPopulate (C:\\Users\\Lawrenz\\Downloads\\statio-nexus\\statio-nexus\\Server\\node_modules\\mongoose\\lib\\helpers\\populate\\getModelsMapForPopulate.js:50:12)\n    at _populatePath (C:\\Users\\Lawrenz\\Downloads\\statio-nexus\\statio-nexus\\Server\\node_modules\\mongoose\\lib\\model.js:4492:21)\n    at model.populate (C:\\Users\\Lawrenz\\Downloads\\statio-nexus\\statio-nexus\\Server\\node_modules\\mongoose\\lib\\model.js:4459:21)\n    at model.Query._find (C:\\Users\\Lawrenz\\Downloads\\statio-nexus\\statio-nexus\\Server\\node_modules\\mongoose\\lib\\query.js:2452:23)\n    at process.processTicksAndRejections (node:internal/process/task_queues:103:5)\n    at async model.Query.exec (C:\\Users\\Lawrenz\\Downloads\\statio-nexus\\statio-nexus\\Server\\node_modules\\mongoose\\lib\\query.js:4627:63)\n    at async Promise.all (index 7)\n    at async exports.getAnalytics (C:\\Users\\Lawrenz\\Downloads\\statio-nexus\\statio-nexus\\Server\\Components\\modules\\owner\\owner.controller.js:182:9)"}
{"level":"error","message":"getAnalytics error: Cannot populate path `station` because it is not in your schema. Set the `strictPopulate` option to false to override.","path":"station","stack":"StrictPopulateError: Cannot populate path `station` because it is not in your schema. Set the `strictPopulate` option to false to override.\n    at getModelsMapForPopulate (C:\\Users\\Lawrenz\\Downloads\\statio-nexus\\statio-nexus\\Server\\node_modules\\mongoose\\lib\\helpers\\populate\\getModelsMapForPopulate.js:50:12)\n    at _populatePath (C:\\Users\\Lawrenz\\Downloads\\statio-nexus\\statio-nexus\\Server\\node_modules\\mongoose\\lib\\model.js:4492:21)\n    at model.populate (C:\\Users\\Lawrenz\\Downloads\\statio-nexus\\statio-nexus\\Server\\node_modules\\mongoose\\lib\\model.js:4459:21)\n    at model.Query._find (C:\\Users\\Lawrenz\\Downloads\\statio-nexus\\statio-nexus\\Server\\node_modules\\mongoose\\lib\\query.js:2452:23)\n    at process.processTicksAndRejections (node:internal/process/task_queues:103:5)\n    at async model.Query.exec (C:\\Users\\Lawrenz\\Downloads\\statio-nexus\\statio-nexus\\Server\\node_modules\\mongoose\\lib\\query.js:4627:63)\n    at async Promise.all (index 7)\n    at async exports.getAnalytics (C:\\Users\\Lawrenz\\Downloads\\statio-nexus\\statio-nexus\\Server\\Components\\modules\\owner\\owner.controller.js:182:9)"}
{"level":"error","message":"getOwnerBookings error: Cannot populate path `station` because it is not in your schema. Set the `strictPopulate` option to false to override.","path":"station","stack":"StrictPopulateError: Cannot populate path `station` because it is not in your schema. Set the `strictPopulate` option to false to override.\n    at getModelsMapForPopulate (C:\\Users\\Lawrenz\\Downloads\\statio-nexus\\statio-nexus\\Server\\node_modules\\mongoose\\lib\\helpers\\populate\\getModelsMapForPopulate.js:50:12)\n    at _populatePath (C:\\Users\\Lawrenz\\Downloads\\statio-nexus\\statio-nexus\\Server\\node_modules\\mongoose\\lib\\model.js:4492:21)\n    at model.populate (C:\\Users\\Lawrenz\\Downloads\\statio-nexus\\statio-nexus\\Server\\node_modules\\mongoose\\lib\\model.js:4459:21)\n    at model.Query._find (C:\\Users\\Lawrenz\\Downloads\\statio-nexus\\statio-nexus\\Server\\node_modules\\mongoose\\lib\\query.js:2452:23)\n    at process.processTicksAndRejections (node:internal/process/task_queues:103:5)\n    at async model.Query.exec (C:\\Users\\Lawrenz\\Downloads\\statio-nexus\\statio-nexus\\Server\\node_modules\\mongoose\\lib\\query.js:4627:63)\n    at async Promise.all (index 0)\n    at async exports.getOwnerBookings (C:\\Users\\Lawrenz\\Downloads\\statio-nexus\\statio-nexus\\Server\\Components\\modules\\owner\\owner.controller.js:975:31)"}
{"level":"error","message":"getOwnerBookings error: Cannot populate path `station` because it is not in your schema. Set the `strictPopulate` option to false to override.","path":"station","stack":"StrictPopulateError: Cannot populate path `station` because it is not in your schema. Set the `strictPopulate` option to false to override.\n    at getModelsMapForPopulate (C:\\Users\\Lawrenz\\Downloads\\statio-nexus\\statio-nexus\\Server\\node_modules\\mongoose\\lib\\helpers\\populate\\getModelsMapForPopulate.js:50:12)\n    at _populatePath (C:\\Users\\Lawrenz\\Downloads\\statio-nexus\\statio-nexus\\Server\\node_modules\\mongoose\\lib\\model.js:4492:21)\n    at model.populate (C:\\Users\\Lawrenz\\Downloads\\statio-nexus\\statio-nexus\\Server\\node_modules\\mongoose\\lib\\model.js:4459:21)\n    at model.Query._find (C:\\Users\\Lawrenz\\Downloads\\statio-nexus\\statio-nexus\\Server\\node_modules\\mongoose\\lib\\query.js:2452:23)\n    at process.processTicksAndRejections (node:internal/process/task_queues:103:5)\n    at async model.Query.exec (C:\\Users\\Lawrenz\\Downloads\\statio-nexus\\statio-nexus\\Server\\node_modules\\mongoose\\lib\\query.js:4627:63)\n    at async Promise.all (index 0)\n    at async exports.getOwnerBookings (C:\\Users\\Lawrenz\\Downloads\\statio-nexus\\statio-nexus\\Server\\Components\\modules\\owner\\owner.controller.js:975:31)"}
{"level":"info","message":"SIGINT received — shutting down gracefully"}
{"level":"warn","message":"⚠️ Optional environment variables missing: STRIPE_SECRET_KEY. Some features may not work."}
{"level":"info","message":"✅ All required environment variables validated"}
{"level":"info","message":"✅ MongoDB connected: ac-7wu8mts-shard-00-02.ju6heal.mongodb.net"}
{"level":"info","message":"✅ NotificationService running in In-Memory Socket.IO mode"}
{"level":"info","message":"🚀 Server running on port 5000 in development mode"}
{"level":"info","message":"🌐 Allowed origins: http://localhost:5173, http://localhost:5174, http://127.0.0.1:5500, https://your-app.herokuapp.com, https://your-custom-domain.com"}
{"error":"Invalid login: 535-5.7.8 Username and Password not accepted. For more information, go to\n535 5.7.8  https://support.google.com/mail/?p=BadCredentials d2e1a72fcca58-8421bfec5cbsm8044800b3a.41 - gsmtp","level":"error","message":"Email transporter verification failed"}
{"level":"info","message":"✅ Token refreshed successfully","role":"owner","userId":"6a0e1c7651fe1e4077f88f87"}
{"level":"info","message":"✅ Token refreshed successfully","role":"owner","userId":"6a0e1c7651fe1e4077f88f87"}
{"level":"info","message":"📤 EMIT → notifications:audit","module":"notification"}
{"level":"info","message":"📤 EMIT → notifications:audit","module":"notification"}
{"level":"error","message":"getAnalytics error: Cannot populate path `station` because it is not in your schema. Set the `strictPopulate` option to false to override.","path":"station","stack":"StrictPopulateError: Cannot populate path `station` because it is not in your schema. Set the `strictPopulate` option to false to override.\n    at getModelsMapForPopulate (C:\\Users\\Lawrenz\\Downloads\\statio-nexus\\statio-nexus\\Server\\node_modules\\mongoose\\lib\\helpers\\populate\\getModelsMapForPopulate.js:50:12)\n    at _populatePath (C:\\Users\\Lawrenz\\Downloads\\statio-nexus\\statio-nexus\\Server\\node_modules\\mongoose\\lib\\model.js:4492:21)\n    at model.populate (C:\\Users\\Lawrenz\\Downloads\\statio-nexus\\statio-nexus\\Server\\node_modules\\mongoose\\lib\\model.js:4459:21)\n    at model.Query._find (C:\\Users\\Lawrenz\\Downloads\\statio-nexus\\statio-nexus\\Server\\node_modules\\mongoose\\lib\\query.js:2452:23)\n    at process.processTicksAndRejections (node:internal/process/task_queues:103:5)\n    at async model.Query.exec (C:\\Users\\Lawrenz\\Downloads\\statio-nexus\\statio-nexus\\Server\\node_modules\\mongoose\\lib\\query.js:4627:63)\n    at async Promise.all (index 7)\n    at async exports.getAnalytics (C:\\Users\\Lawrenz\\Downloads\\statio-nexus\\statio-nexus\\Server\\Components\\modules\\owner\\owner.controller.js:182:9)"}
{"level":"error","message":"getAnalytics error: Cannot populate path `station` because it is not in your schema. Set the `strictPopulate` option to false to override.","path":"station","stack":"StrictPopulateError: Cannot populate path `station` because it is not in your schema. Set the `strictPopulate` option to false to override.\n    at getModelsMapForPopulate (C:\\Users\\Lawrenz\\Downloads\\statio-nexus\\statio-nexus\\Server\\node_modules\\mongoose\\lib\\helpers\\populate\\getModelsMapForPopulate.js:50:12)\n    at _populatePath (C:\\Users\\Lawrenz\\Downloads\\statio-nexus\\statio-nexus\\Server\\node_modules\\mongoose\\lib\\model.js:4492:21)\n    at model.populate (C:\\Users\\Lawrenz\\Downloads\\statio-nexus\\statio-nexus\\Server\\node_modules\\mongoose\\lib\\model.js:4459:21)\n    at model.Query._find (C:\\Users\\Lawrenz\\Downloads\\statio-nexus\\statio-nexus\\Server\\node_modules\\mongoose\\lib\\query.js:2452:23)\n    at process.processTicksAndRejections (node:internal/process/task_queues:103:5)\n    at async model.Query.exec (C:\\Users\\Lawrenz\\Downloads\\statio-nexus\\statio-nexus\\Server\\node_modules\\mongoose\\lib\\query.js:4627:63)\n    at async Promise.all (index 7)\n    at async exports.getAnalytics (C:\\Users\\Lawrenz\\Downloads\\statio-nexus\\statio-nexus\\Server\\Components\\modules\\owner\\owner.controller.js:182:9)"}
{"level":"error","message":"getAnalytics error: Cannot populate path `station` because it is not in your schema. Set the `strictPopulate` option to false to override.","path":"station","stack":"StrictPopulateError: Cannot populate path `station` because it is not in your schema. Set the `strictPopulate` option to false to override.\n    at getModelsMapForPopulate (C:\\Users\\Lawrenz\\Downloads\\statio-nexus\\statio-nexus\\Server\\node_modules\\mongoose\\lib\\helpers\\populate\\getModelsMapForPopulate.js:50:12)\n    at _populatePath (C:\\Users\\Lawrenz\\Downloads\\statio-nexus\\statio-nexus\\Server\\node_modules\\mongoose\\lib\\model.js:4492:21)\n    at model.populate (C:\\Users\\Lawrenz\\Downloads\\statio-nexus\\statio-nexus\\Server\\node_modules\\mongoose\\lib\\model.js:4459:21)\n    at model.Query._find (C:\\Users\\Lawrenz\\Downloads\\statio-nexus\\statio-nexus\\Server\\node_modules\\mongoose\\lib\\query.js:2452:23)\n    at process.processTicksAndRejections (node:internal/process/task_queues:103:5)\n    at async model.Query.exec (C:\\Users\\Lawrenz\\Downloads\\statio-nexus\\statio-nexus\\Server\\node_modules\\mongoose\\lib\\query.js:4627:63)\n    at async Promise.all (index 7)\n    at async exports.getAnalytics (C:\\Users\\Lawrenz\\Downloads\\statio-nexus\\statio-nexus\\Server\\Components\\modules\\owner\\owner.controller.js:182:9)"}
{"level":"error","message":"getAnalytics error: Cannot populate path `station` because it is not in your schema. Set the `strictPopulate` option to false to override.","path":"station","stack":"StrictPopulateError: Cannot populate path `station` because it is not in your schema. Set the `strictPopulate` option to false to override.\n    at getModelsMapForPopulate (C:\\Users\\Lawrenz\\Downloads\\statio-nexus\\statio-nexus\\Server\\node_modules\\mongoose\\lib\\helpers\\populate\\getModelsMapForPopulate.js:50:12)\n    at _populatePath (C:\\Users\\Lawrenz\\Downloads\\statio-nexus\\statio-nexus\\Server\\node_modules\\mongoose\\lib\\model.js:4492:21)\n    at model.populate (C:\\Users\\Lawrenz\\Downloads\\statio-nexus\\statio-nexus\\Server\\node_modules\\mongoose\\lib\\model.js:4459:21)\n    at model.Query._find (C:\\Users\\Lawrenz\\Downloads\\statio-nexus\\statio-nexus\\Server\\node_modules\\mongoose\\lib\\query.js:2452:23)\n    at process.processTicksAndRejections (node:internal/process/task_queues:103:5)\n    at async model.Query.exec (C:\\Users\\Lawrenz\\Downloads\\statio-nexus\\statio-nexus\\Server\\node_modules\\mongoose\\lib\\query.js:4627:63)\n    at async Promise.all (index 7)\n    at async exports.getAnalytics (C:\\Users\\Lawrenz\\Downloads\\statio-nexus\\statio-nexus\\Server\\Components\\modules\\owner\\owner.controller.js:182:9)"}
{"level":"error","message":"getAnalytics error: Cannot populate path `station` because it is not in your schema. Set the `strictPopulate` option to false to override.","path":"station","stack":"StrictPopulateError: Cannot populate path `station` because it is not in your schema. Set the `strictPopulate` option to false to override.\n    at getModelsMapForPopulate (C:\\Users\\Lawrenz\\Downloads\\statio-nexus\\statio-nexus\\Server\\node_modules\\mongoose\\lib\\helpers\\populate\\getModelsMapForPopulate.js:50:12)\n    at _populatePath (C:\\Users\\Lawrenz\\Downloads\\statio-nexus\\statio-nexus\\Server\\node_modules\\mongoose\\lib\\model.js:4492:21)\n    at model.populate (C:\\Users\\Lawrenz\\Downloads\\statio-nexus\\statio-nexus\\Server\\node_modules\\mongoose\\lib\\model.js:4459:21)\n    at model.Query._find (C:\\Users\\Lawrenz\\Downloads\\statio-nexus\\statio-nexus\\Server\\node_modules\\mongoose\\lib\\query.js:2452:23)\n    at process.processTicksAndRejections (node:internal/process/task_queues:103:5)\n    at async model.Query.exec (C:\\Users\\Lawrenz\\Downloads\\statio-nexus\\statio-nexus\\Server\\node_modules\\mongoose\\lib\\query.js:4627:63)\n    at async Promise.all (index 7)\n    at async exports.getAnalytics (C:\\Users\\Lawrenz\\Downloads\\statio-nexus\\statio-nexus\\Server\\Components\\modules\\owner\\owner.controller.js:182:9)"}
{"level":"error","message":"getAnalytics error: Cannot populate path `station` because it is not in your schema. Set the `strictPopulate` option to false to override.","path":"station","stack":"StrictPopulateError: Cannot populate path `station` because it is not in your schema. Set the `strictPopulate` option to false to override.\n    at getModelsMapForPopulate (C:\\Users\\Lawrenz\\Downloads\\statio-nexus\\statio-nexus\\Server\\node_modules\\mongoose\\lib\\helpers\\populate\\getModelsMapForPopulate.js:50:12)\n    at _populatePath (C:\\Users\\Lawrenz\\Downloads\\statio-nexus\\statio-nexus\\Server\\node_modules\\mongoose\\lib\\model.js:4492:21)\n    at model.populate (C:\\Users\\Lawrenz\\Downloads\\statio-nexus\\statio-nexus\\Server\\node_modules\\mongoose\\lib\\model.js:4459:21)\n    at model.Query._find (C:\\Users\\Lawrenz\\Downloads\\statio-nexus\\statio-nexus\\Server\\node_modules\\mongoose\\lib\\query.js:2452:23)\n    at process.processTicksAndRejections (node:internal/process/task_queues:103:5)\n    at async model.Query.exec (C:\\Users\\Lawrenz\\Downloads\\statio-nexus\\statio-nexus\\Server\\node_modules\\mongoose\\lib\\query.js:4627:63)\n    at async Promise.all (index 7)\n    at async exports.getAnalytics (C:\\Users\\Lawrenz\\Downloads\\statio-nexus\\statio-nexus\\Server\\Components\\modules\\owner\\owner.controller.js:182:9)"}
{"level":"error","message":"getAnalytics error: Cannot populate path `station` because it is not in your schema. Set the `strictPopulate` option to false to override.","path":"station","stack":"StrictPopulateError: Cannot populate path `station` because it is not in your schema. Set the `strictPopulate` option to false to override.\n    at getModelsMapForPopulate (C:\\Users\\Lawrenz\\Downloads\\statio-nexus\\statio-nexus\\Server\\node_modules\\mongoose\\lib\\helpers\\populate\\getModelsMapForPopulate.js:50:12)\n    at _populatePath (C:\\Users\\Lawrenz\\Downloads\\statio-nexus\\statio-nexus\\Server\\node_modules\\mongoose\\lib\\model.js:4492:21)\n    at model.populate (C:\\Users\\Lawrenz\\Downloads\\statio-nexus\\statio-nexus\\Server\\node_modules\\mongoose\\lib\\model.js:4459:21)\n    at model.Query._find (C:\\Users\\Lawrenz\\Downloads\\statio-nexus\\statio-nexus\\Server\\node_modules\\mongoose\\lib\\query.js:2452:23)\n    at process.processTicksAndRejections (node:internal/process/task_queues:103:5)\n    at async model.Query.exec (C:\\Users\\Lawrenz\\Downloads\\statio-nexus\\statio-nexus\\Server\\node_modules\\mongoose\\lib\\query.js:4627:63)\n    at async Promise.all (index 7)\n    at async exports.getAnalytics (C:\\Users\\Lawrenz\\Downloads\\statio-nexus\\statio-nexus\\Server\\Components\\modules\\owner\\owner.controller.js:182:9)"}
{"level":"error","message":"getOwnerBookings error: Cannot populate path `station` because it is not in your schema. Set the `strictPopulate` option to false to override.","path":"station","stack":"StrictPopulateError: Cannot populate path `station` because it is not in your schema. Set the `strictPopulate` option to false to override.\n    at getModelsMapForPopulate (C:\\Users\\Lawrenz\\Downloads\\statio-nexus\\statio-nexus\\Server\\node_modules\\mongoose\\lib\\helpers\\populate\\getModelsMapForPopulate.js:50:12)\n    at _populatePath (C:\\Users\\Lawrenz\\Downloads\\statio-nexus\\statio-nexus\\Server\\node_modules\\mongoose\\lib\\model.js:4492:21)\n    at model.populate (C:\\Users\\Lawrenz\\Downloads\\statio-nexus\\statio-nexus\\Server\\node_modules\\mongoose\\lib\\model.js:4459:21)\n    at model.Query._find (C:\\Users\\Lawrenz\\Downloads\\statio-nexus\\statio-nexus\\Server\\node_modules\\mongoose\\lib\\query.js:2452:23)\n    at process.processTicksAndRejections (node:internal/process/task_queues:103:5)\n    at async model.Query.exec (C:\\Users\\Lawrenz\\Downloads\\statio-nexus\\statio-nexus\\Server\\node_modules\\mongoose\\lib\\query.js:4627:63)\n    at async Promise.all (index 0)\n    at async exports.getOwnerBookings (C:\\Users\\Lawrenz\\Downloads\\statio-nexus\\statio-nexus\\Server\\Components\\modules\\owner\\owner.controller.js:975:31)"}
{"level":"error","message":"getAnalytics error: Cannot populate path `station` because it is not in your schema. Set the `strictPopulate` option to false to override.","path":"station","stack":"StrictPopulateError: Cannot populate path `station` because it is not in your schema. Set the `strictPopulate` option to false to override.\n    at getModelsMapForPopulate (C:\\Users\\Lawrenz\\Downloads\\statio-nexus\\statio-nexus\\Server\\node_modules\\mongoose\\lib\\helpers\\populate\\getModelsMapForPopulate.js:50:12)\n    at _populatePath (C:\\Users\\Lawrenz\\Downloads\\statio-nexus\\statio-nexus\\Server\\node_modules\\mongoose\\lib\\model.js:4492:21)\n    at model.populate (C:\\Users\\Lawrenz\\Downloads\\statio-nexus\\statio-nexus\\Server\\node_modules\\mongoose\\lib\\model.js:4459:21)\n    at model.Query._find (C:\\Users\\Lawrenz\\Downloads\\statio-nexus\\statio-nexus\\Server\\node_modules\\mongoose\\lib\\query.js:2452:23)\n    at process.processTicksAndRejections (node:internal/process/task_queues:103:5)\n    at async model.Query.exec (C:\\Users\\Lawrenz\\Downloads\\statio-nexus\\statio-nexus\\Server\\node_modules\\mongoose\\lib\\query.js:4627:63)\n    at async Promise.all (index 7)\n    at async exports.getAnalytics (C:\\Users\\Lawrenz\\Downloads\\statio-nexus\\statio-nexus\\Server\\Components\\modules\\owner\\owner.controller.js:182:9)"}
{"level":"error","message":"getOwnerBookings error: Cannot populate path `station` because it is not in your schema. Set the `strictPopulate` option to false to override.","path":"station","stack":"StrictPopulateError: Cannot populate path `station` because it is not in your schema. Set the `strictPopulate` option to false to override.\n    at getModelsMapForPopulate (C:\\Users\\Lawrenz\\Downloads\\statio-nexus\\statio-nexus\\Server\\node_modules\\mongoose\\lib\\helpers\\populate\\getModelsMapForPopulate.js:50:12)\n    at _populatePath (C:\\Users\\Lawrenz\\Downloads\\statio-nexus\\statio-nexus\\Server\\node_modules\\mongoose\\lib\\model.js:4492:21)\n    at model.populate (C:\\Users\\Lawrenz\\Downloads\\statio-nexus\\statio-nexus\\Server\\node_modules\\mongoose\\lib\\model.js:4459:21)\n    at model.Query._find (C:\\Users\\Lawrenz\\Downloads\\statio-nexus\\statio-nexus\\Server\\node_modules\\mongoose\\lib\\query.js:2452:23)\n    at process.processTicksAndRejections (node:internal/process/task_queues:103:5)\n    at async model.Query.exec (C:\\Users\\Lawrenz\\Downloads\\statio-nexus\\statio-nexus\\Server\\node_modules\\mongoose\\lib\\query.js:4627:63)\n    at async Promise.all (index 0)\n    at async exports.getOwnerBookings (C:\\Users\\Lawrenz\\Downloads\\statio-nexus\\statio-nexus\\Server\\Components\\modules\\owner\\owner.controller.js:975:31)"}
{"level":"error","message":"getOwnerBookings error: Cannot populate path `station` because it is not in your schema. Set the `strictPopulate` option to false to override.","path":"station","stack":"StrictPopulateError: Cannot populate path `station` because it is not in your schema. Set the `strictPopulate` option to false to override.\n    at getModelsMapForPopulate (C:\\Users\\Lawrenz\\Downloads\\statio-nexus\\statio-nexus\\Server\\node_modules\\mongoose\\lib\\helpers\\populate\\getModelsMapForPopulate.js:50:12)\n    at _populatePath (C:\\Users\\Lawrenz\\Downloads\\statio-nexus\\statio-nexus\\Server\\node_modules\\mongoose\\lib\\model.js:4492:21)\n    at model.populate (C:\\Users\\Lawrenz\\Downloads\\statio-nexus\\statio-nexus\\Server\\node_modules\\mongoose\\lib\\model.js:4459:21)\n    at model.Query._find (C:\\Users\\Lawrenz\\Downloads\\statio-nexus\\statio-nexus\\Server\\node_modules\\mongoose\\lib\\query.js:2452:23)\n    at process.processTicksAndRejections (node:internal/process/task_queues:103:5)\n    at async model.Query.exec (C:\\Users\\Lawrenz\\Downloads\\statio-nexus\\statio-nexus\\Server\\node_modules\\mongoose\\lib\\query.js:4627:63)\n    at async Promise.all (index 0)\n    at async exports.getOwnerBookings (C:\\Users\\Lawrenz\\Downloads\\statio-nexus\\statio-nexus\\Server\\Components\\modules\\owner\\owner.controller.js:975:31)"}
{"level":"error","message":"getOwnerBookings error: Cannot populate path `station` because it is not in your schema. Set the `strictPopulate` option to false to override.","path":"station","stack":"StrictPopulateError: Cannot populate path `station` because it is not in your schema. Set the `strictPopulate` option to false to override.\n    at getModelsMapForPopulate (C:\\Users\\Lawrenz\\Downloads\\statio-nexus\\statio-nexus\\Server\\node_modules\\mongoose\\lib\\helpers\\populate\\getModelsMapForPopulate.js:50:12)\n    at _populatePath (C:\\Users\\Lawrenz\\Downloads\\statio-nexus\\statio-nexus\\Server\\node_modules\\mongoose\\lib\\model.js:4492:21)\n    at model.populate (C:\\Users\\Lawrenz\\Downloads\\statio-nexus\\statio-nexus\\Server\\node_modules\\mongoose\\lib\\model.js:4459:21)\n    at model.Query._find (C:\\Users\\Lawrenz\\Downloads\\statio-nexus\\statio-nexus\\Server\\node_modules\\mongoose\\lib\\query.js:2452:23)\n    at process.processTicksAndRejections (node:internal/process/task_queues:103:5)\n    at async model.Query.exec (C:\\Users\\Lawrenz\\Downloads\\statio-nexus\\statio-nexus\\Server\\node_modules\\mongoose\\lib\\query.js:4627:63)\n    at async Promise.all (index 0)\n    at async exports.getOwnerBookings (C:\\Users\\Lawrenz\\Downloads\\statio-nexus\\statio-nexus\\Server\\Components\\modules\\owner\\owner.controller.js:975:31)"}
{"level":"warn","message":"⚠️ Optional environment variables missing: STRIPE_SECRET_KEY. Some features may not work."}
{"level":"info","message":"✅ All required environment variables validated"}
{"level":"warn","message":"⚠️ Optional environment variables missing: STRIPE_SECRET_KEY. Some features may not work."}
{"level":"info","message":"✅ All required environment variables validated"}
{"level":"info","message":"✅ MongoDB connected: ac-7wu8mts-shard-00-00.ju6heal.mongodb.net"}
{"level":"info","message":"✅ NotificationService running in In-Memory Socket.IO mode"}
{"level":"info","message":"🚀 Server running on port 5000 in development mode"}
{"level":"info","message":"🌐 Allowed origins: http://localhost:5173, http://localhost:5174, http://127.0.0.1:5500, https://your-app.herokuapp.com, https://your-custom-domain.com"}
{"error":"Invalid login: 535-5.7.8 Username and Password not accepted. For more information, go to\n535 5.7.8  https://support.google.com/mail/?p=BadCredentials 98e67ed59e1d1-36bc0bf8fc0sm9617047a91.13 - gsmtp","level":"error","message":"Email transporter verification failed"}
{"level":"info","message":"✅ Token refreshed successfully","role":"owner","userId":"6a0e1c7651fe1e4077f88f87"}
{"level":"info","message":"✅ Token refreshed successfully","role":"owner","userId":"6a0e1c7651fe1e4077f88f87"}
{"level":"info","message":"📤 EMIT → notifications:audit","module":"notification"}
{"level":"info","message":"📤 EMIT → notifications:audit","module":"notification"}
{"level":"info","message":"✅ Token refreshed successfully","role":"owner","userId":"6a0e1c7651fe1e4077f88f87"}
{"level":"info","message":"✅ Token refreshed successfully","role":"owner","userId":"6a0e1c7651fe1e4077f88f87"}
{"level":"info","message":"📤 EMIT → notifications:audit","module":"notification"}
{"level":"info","message":"📤 EMIT → notifications:audit","module":"notification"}
{"error":"jwt expired","level":"error","message":"Auth middleware error:","name":"TokenExpiredError","path":"/analytics"}
{"level":"info","message":"✅ Token refreshed successfully","role":"owner","userId":"6a0e1c7651fe1e4077f88f87"}
{"level":"info","message":"📤 EMIT → notifications:audit","module":"notification"}
{"level":"info","message":"200 spot(s) created at \"CrossRoad\" by owner 6a0e1c7651fe1e4077f88f87"}
{"level":"warn","message":"⚠️ Optional environment variables missing: STRIPE_SECRET_KEY. Some features may not work."}
{"level":"info","message":"✅ All required environment variables validated"}
{"level":"info","message":"✅ MongoDB connected: ac-7wu8mts-shard-00-01.ju6heal.mongodb.net"}
{"level":"info","message":"✅ NotificationService running in In-Memory Socket.IO mode"}
{"level":"info","message":"🚀 Server running on port 5000 in development mode"}
{"level":"info","message":"🌐 Allowed origins: http://localhost:5173, http://localhost:5174, http://127.0.0.1:5500, https://your-app.herokuapp.com, https://your-custom-domain.com"}
{"error":"Invalid login: 535-5.7.8 Username and Password not accepted. For more information, go to\n535 5.7.8  https://support.google.com/mail/?p=BadCredentials 98e67ed59e1d1-36bc6b4865csm8908229a91.13 - gsmtp","level":"error","message":"Email transporter verification failed"}
{"level":"warn","message":"⚠️ Optional environment variables missing: STRIPE_SECRET_KEY. Some features may not work."}
{"level":"info","message":"✅ All required environment variables validated"}
{"level":"info","message":"✅ MongoDB connected: ac-7wu8mts-shard-00-00.ju6heal.mongodb.net"}
{"level":"info","message":"✅ NotificationService running in In-Memory Socket.IO mode"}
{"level":"info","message":"🚀 Server running on port 5000 in development mode"}
{"level":"info","message":"🌐 Allowed origins: http://localhost:5173, http://localhost:5174, http://127.0.0.1:5500, https://your-app.herokuapp.com, https://your-custom-domain.com"}
{"error":"Invalid login: 535-5.7.8 Username and Password not accepted. For more information, go to\n535 5.7.8  https://support.google.com/mail/?p=BadCredentials d9443c01a7336-2bf23b00ed2sm94943685ad.48 - gsmtp","level":"error","message":"Email transporter verification failed"}
{"level":"info","message":"SIGINT received — shutting down gracefully"}
{"level":"warn","message":"⚠️ Optional environment variables missing: STRIPE_SECRET_KEY. Some features may not work."}
{"level":"info","message":"✅ All required environment variables validated"}
{"level":"info","message":"✅ MongoDB connected: ac-7wu8mts-shard-00-00.ju6heal.mongodb.net"}
{"level":"info","message":"✅ NotificationService running in In-Memory Socket.IO mode"}
{"level":"info","message":"🚀 Server running on port 5000 in development mode"}
{"level":"info","message":"🌐 Allowed origins: http://localhost:5173, http://localhost:5174, http://127.0.0.1:5500, https://your-app.herokuapp.com, https://your-custom-domain.com"}
{"error":"Invalid login: 535-5.7.8 Username and Password not accepted. For more information, go to\n535 5.7.8  https://support.google.com/mail/?p=BadCredentials d9443c01a7336-2bf239e7019sm95904005ad.11 - gsmtp","level":"error","message":"Email transporter verification failed"}
{"level":"info","message":"✅ Token refreshed successfully","role":"owner","userId":"6a0e1c7651fe1e4077f88f87"}
{"level":"info","message":"✅ Token refreshed successfully","role":"owner","userId":"6a0e1c7651fe1e4077f88f87"}
{"level":"info","message":"📤 EMIT → notifications:audit","module":"notification"}
{"level":"info","message":"📤 EMIT → notifications:audit","module":"notification"}
{"level":"info","message":"123 spot(s) created at \"Mall\" by owner 6a0e1c7651fe1e4077f88f87"}
{"level":"warn","message":"⚠️ Optional environment variables missing: STRIPE_SECRET_KEY. Some features may not work."}
{"level":"info","message":"✅ All required environment variables validated"}
{"level":"info","message":"✅ MongoDB connected: ac-7wu8mts-shard-00-00.ju6heal.mongodb.net"}
{"level":"info","message":"✅ NotificationService running in In-Memory Socket.IO mode"}
{"level":"info","message":"🚀 Server running on port 5000 in development mode"}
{"level":"info","message":"🌐 Allowed origins: http://localhost:5173, http://localhost:5174, http://127.0.0.1:5500, https://your-app.herokuapp.com, https://your-custom-domain.com"}
{"error":"Invalid login: 535-5.7.8 Username and Password not accepted. For more information, go to\n535 5.7.8  https://support.google.com/mail/?p=BadCredentials d9443c01a7336-2bf23c5a350sm129053885ad.83 - gsmtp","level":"error","message":"Email transporter verification failed"}
{"level":"warn","message":"⚠️ Optional environment variables missing: STRIPE_SECRET_KEY. Some features may not work."}
{"level":"info","message":"✅ All required environment variables validated"}
{"level":"info","message":"✅ MongoDB connected: ac-7wu8mts-shard-00-00.ju6heal.mongodb.net"}
{"level":"info","message":"✅ NotificationService running in In-Memory Socket.IO mode"}
{"level":"info","message":"🚀 Server running on port 5000 in development mode"}
{"level":"info","message":"🌐 Allowed origins: http://localhost:5173, http://localhost:5174, http://127.0.0.1:5500, https://your-app.herokuapp.com, https://your-custom-domain.com"}
{"error":"Invalid login: 535-5.7.8 Username and Password not accepted. For more information, go to\n535 5.7.8  https://support.google.com/mail/?p=BadCredentials 98e67ed59e1d1-36bbe193b6bsm4408292a91.10 - gsmtp","level":"error","message":"Email transporter verification failed"}
{"level":"warn","message":"⚠️ Optional environment variables missing: STRIPE_SECRET_KEY. Some features may not work."}
{"level":"info","message":"✅ All required environment variables validated"}
{"level":"warn","message":"⚠️ Optional environment variables missing: STRIPE_SECRET_KEY. Some features may not work."}
{"level":"info","message":"✅ All required environment variables validated"}
{"level":"info","message":"✅ MongoDB connected: ac-7wu8mts-shard-00-02.ju6heal.mongodb.net"}
{"level":"info","message":"✅ NotificationService running in In-Memory Socket.IO mode"}
{"level":"info","message":"🚀 Server running on port 5000 in development mode"}
{"level":"info","message":"🌐 Allowed origins: http://localhost:5173, http://localhost:5174, http://127.0.0.1:5500, https://your-app.herokuapp.com, https://your-custom-domain.com"}
{"error":"Invalid login: 535-5.7.8 Username and Password not accepted. For more information, go to\n535 5.7.8  https://support.google.com/mail/?p=BadCredentials d9443c01a7336-2bf369c790esm72688375ad.56 - gsmtp","level":"error","message":"Email transporter verification failed"}
{"level":"warn","message":"⚠️ Optional environment variables missing: STRIPE_SECRET_KEY. Some features may not work."}
{"level":"info","message":"✅ All required environment variables validated"}
{"level":"info","message":"✅ MongoDB connected: ac-7wu8mts-shard-00-00.ju6heal.mongodb.net"}
{"level":"info","message":"✅ NotificationService running in In-Memory Socket.IO mode"}
{"level":"info","message":"🚀 Server running on port 5000 in development mode"}
{"level":"info","message":"🌐 Allowed origins: http://localhost:5173, http://localhost:5174, http://127.0.0.1:5500, https://your-app.herokuapp.com, https://your-custom-domain.com"}
{"error":"Invalid login: 535-5.7.8 Username and Password not accepted. For more information, go to\n535 5.7.8  https://support.google.com/mail/?p=BadCredentials 98e67ed59e1d1-36bc0befe7asm10135755a91.11 - gsmtp","level":"error","message":"Email transporter verification failed"}
{"level":"warn","message":"⚠️ Optional environment variables missing: STRIPE_SECRET_KEY. Some features may not work."}
{"level":"info","message":"✅ All required environment variables validated"}
{"level":"info","message":"✅ MongoDB connected: ac-7wu8mts-shard-00-00.ju6heal.mongodb.net"}
{"level":"info","message":"✅ NotificationService running in In-Memory Socket.IO mode"}
{"level":"info","message":"🚀 Server running on port 5000 in development mode"}
{"level":"info","message":"🌐 Allowed origins: http://localhost:5173, http://localhost:5174, http://127.0.0.1:5500, https://your-app.herokuapp.com, https://your-custom-domain.com"}
{"error":"Invalid login: 535-5.7.8 Username and Password not accepted. For more information, go to\n535 5.7.8  https://support.google.com/mail/?p=BadCredentials d2e1a72fcca58-84232ef8172sm6017364b3a.12 - gsmtp","level":"error","message":"Email transporter verification failed"}
{"level":"info","message":"✅ Token refreshed successfully","role":"owner","userId":"6a0e1c7651fe1e4077f88f87"}
{"level":"info","message":"✅ Token refreshed successfully","role":"owner","userId":"6a0e1c7651fe1e4077f88f87"}
{"level":"info","message":"📤 EMIT → notifications:audit","module":"notification"}
{"level":"info","message":"📤 EMIT → notifications:audit","module":"notification"}
{"level":"info","message":"✅ Token refreshed successfully","role":"owner","userId":"6a0e1c7651fe1e4077f88f87"}
{"level":"info","message":"✅ Token refreshed successfully","role":"owner","userId":"6a0e1c7651fe1e4077f88f87"}
{"level":"info","message":"📤 EMIT → notifications:audit","module":"notification"}
{"level":"info","message":"📤 EMIT → notifications:audit","module":"notification"}
{"level":"info","message":"✅ Token refreshed successfully","role":"owner","userId":"6a0e1c7651fe1e4077f88f87"}
{"level":"info","message":"✅ Token refreshed successfully","role":"owner","userId":"6a0e1c7651fe1e4077f88f87"}
{"level":"info","message":"📤 EMIT → notifications:audit","module":"notification"}
{"level":"info","message":"📤 EMIT → notifications:audit","module":"notification"}
{"_message":"User validation failed","errors":{"password":{"kind":"user defined","message":"Password must contain at least 1 uppercase, 1 lowercase, 1 number and 1 special character","name":"ValidatorError","path":"password","properties":{"length":12,"message":"Password must contain at least 1 uppercase, 1 lowercase, 1 number and 1 special character","path":"password","type":"user defined","value":"03c0a108d5fe"},"value":"03c0a108d5fe"}},"level":"error","message":"createStaff error: User validation failed: password: Password must contain at least 1 uppercase, 1 lowercase, 1 number and 1 special character","stack":"ValidationError: User validation failed: password: Password must contain at least 1 uppercase, 1 lowercase, 1 number and 1 special character\n    at Document.invalidate (C:\\Users\\Lawrenz\\Downloads\\statio-nexus\\statio-nexus\\Server\\node_modules\\mongoose\\lib\\document.js:3381:32)\n    at C:\\Users\\Lawrenz\\Downloads\\statio-nexus\\statio-nexus\\Server\\node_modules\\mongoose\\lib\\document.js:3142:17\n    at C:\\Users\\Lawrenz\\Downloads\\statio-nexus\\statio-nexus\\Server\\node_modules\\mongoose\\lib\\schemaType.js:1443:9\n    at process.processTicksAndRejections (node:internal/process/task_queues:84:11)"}
{"_message":"User validation failed","errors":{"password":{"kind":"user defined","message":"Password must contain at least 1 uppercase, 1 lowercase, 1 number and 1 special character","name":"ValidatorError","path":"password","properties":{"length":12,"message":"Password must contain at least 1 uppercase, 1 lowercase, 1 number and 1 special character","path":"password","type":"user defined","value":"dfca0468fb21"},"value":"dfca0468fb21"}},"level":"error","message":"createStaff error: User validation failed: password: Password must contain at least 1 uppercase, 1 lowercase, 1 number and 1 special character","stack":"ValidationError: User validation failed: password: Password must contain at least 1 uppercase, 1 lowercase, 1 number and 1 special character\n    at Document.invalidate (C:\\Users\\Lawrenz\\Downloads\\statio-nexus\\statio-nexus\\Server\\node_modules\\mongoose\\lib\\document.js:3381:32)\n    at C:\\Users\\Lawrenz\\Downloads\\statio-nexus\\statio-nexus\\Server\\node_modules\\mongoose\\lib\\document.js:3142:17\n    at C:\\Users\\Lawrenz\\Downloads\\statio-nexus\\statio-nexus\\Server\\node_modules\\mongoose\\lib\\schemaType.js:1443:9\n    at process.processTicksAndRejections (node:internal/process/task_queues:84:11)"}
{"level":"warn","message":"⚠️ Optional environment variables missing: STRIPE_SECRET_KEY. Some features may not work."}
{"level":"info","message":"✅ All required environment variables validated"}
{"level":"info","message":"✅ MongoDB connected: ac-7wu8mts-shard-00-00.ju6heal.mongodb.net"}
{"level":"info","message":"✅ NotificationService running in In-Memory Socket.IO mode"}
{"level":"info","message":"🚀 Server running on port 5000 in development mode"}
{"level":"info","message":"🌐 Allowed origins: http://localhost:5173, http://localhost:5174, http://127.0.0.1:5500, https://your-app.herokuapp.com, https://your-custom-domain.com"}
{"error":"Invalid login: 535-5.7.8 Username and Password not accepted. For more information, go to\n535 5.7.8  https://support.google.com/mail/?p=BadCredentials d2e1a72fcca58-8421f537e53sm8153823b3a.6 - gsmtp","level":"error","message":"Email transporter verification failed"}
{"error":"Invalid login: 535-5.7.8 Username and Password not accepted. For more information, go to\n535 5.7.8  https://support.google.com/mail/?p=BadCredentials d9443c01a7336-2c0ce622c26sm41595355ad.67 - gsmtp","level":"warn","message":"📧 Email attempt 1 failed, retrying in 1000ms"}
{"error":"Invalid login: 535-5.7.8 Username and Password not accepted. For more information, go to\n535 5.7.8  https://support.google.com/mail/?p=BadCredentials 98e67ed59e1d1-36bbfc90570sm10284223a91.4 - gsmtp","level":"warn","message":"📧 Email attempt 2 failed, retrying in 2000ms"}
{"error":"Invalid login: 535-5.7.8 Username and Password not accepted. For more information, go to\n535 5.7.8  https://support.google.com/mail/?p=BadCredentials d2e1a72fcca58-8421f52d549sm8178035b3a.17 - gsmtp","level":"error","message":"❌ Email failed after 3 attempts","to":"flow093023@gmail.com"}
{"_message":"Staff validation failed","errors":{"emergencyContactPhone":{"kind":"regexp","message":"Please provide a valid phone number","name":"ValidatorError","path":"emergencyContactPhone","properties":{"length":3,"message":"Please provide a valid phone number","path":"emergencyContactPhone","regexp":{},"type":"regexp","value":"N/A"},"value":"N/A"}},"level":"error","message":"createStaff error: Staff validation failed: emergencyContactPhone: Please provide a valid phone number","stack":"ValidationError: Staff validation failed: emergencyContactPhone: Please provide a valid phone number\n    at Document.invalidate (C:\\Users\\Lawrenz\\Downloads\\statio-nexus\\statio-nexus\\Server\\node_modules\\mongoose\\lib\\document.js:3381:32)\n    at C:\\Users\\Lawrenz\\Downloads\\statio-nexus\\statio-nexus\\Server\\node_modules\\mongoose\\lib\\document.js:3142:17\n    at C:\\Users\\Lawrenz\\Downloads\\statio-nexus\\statio-nexus\\Server\\node_modules\\mongoose\\lib\\schemaType.js:1443:9\n    at process.processTicksAndRejections (node:internal/process/task_queues:84:11)"}
{"level":"warn","message":"⚠️ Optional environment variables missing: STRIPE_SECRET_KEY. Some features may not work."}
{"level":"info","message":"✅ All required environment variables validated"}
{"level":"warn","message":"⚠️ Optional environment variables missing: STRIPE_SECRET_KEY. Some features may not work."}
{"level":"info","message":"✅ All required environment variables validated"}
{"level":"info","message":"✅ MongoDB connected: ac-7wu8mts-shard-00-00.ju6heal.mongodb.net"}
{"level":"info","message":"✅ NotificationService running in In-Memory Socket.IO mode"}
{"level":"info","message":"🚀 Server running on port 5000 in development mode"}
{"level":"info","message":"🌐 Allowed origins: http://localhost:5173, http://localhost:5174, http://127.0.0.1:5500, https://your-app.herokuapp.com, https://your-custom-domain.com"}
{"error":"Invalid login: 535-5.7.8 Username and Password not accepted. For more information, go to\n535 5.7.8  https://support.google.com/mail/?p=BadCredentials d9443c01a7336-2bf239fd84fsm98321445ad.23 - gsmtp","level":"error","message":"Email transporter verification failed"}
{"error":"jwt expired","level":"error","message":"Auth middleware error:","name":"TokenExpiredError","path":"/staff"}
{"level":"info","message":"✅ Token refreshed successfully","role":"owner","userId":"6a0e1c7651fe1e4077f88f87"}
{"level":"info","message":"📤 EMIT → notifications:audit","module":"notification"}
{"error":"Invalid login: 535-5.7.8 Username and Password not accepted. For more information, go to\n535 5.7.8  https://support.google.com/mail/?p=BadCredentials d2e1a72fcca58-8423aeff467sm4688165b3a.25 - gsmtp","level":"warn","message":"📧 Email attempt 1 failed, retrying in 1000ms"}
{"error":"Invalid login: 535-5.7.8 Username and Password not accepted. For more information, go to\n535 5.7.8  https://support.google.com/mail/?p=BadCredentials d9443c01a7336-2bf23b018b6sm100232725ad.43 - gsmtp","level":"warn","message":"📧 Email attempt 2 failed, retrying in 2000ms"}
{"error":"Invalid login: 535-5.7.8 Username and Password not accepted. For more information, go to\n535 5.7.8  https://support.google.com/mail/?p=BadCredentials d9443c01a7336-2bf239fd6desm94646085ad.24 - gsmtp","level":"error","message":"❌ Email failed after 3 attempts","to":"flow093023@gmail.com"}
{"level":"info","message":"New staff member created: flow093023@gmail.com (User ID: 6a1d354e67da636652aaecdd)"}
{"level":"info","message":"SIGINT received — shutting down gracefully"}
{"level":"warn","message":"⚠️ Optional environment variables missing: STRIPE_SECRET_KEY. Some features may not work."}
{"level":"info","message":"✅ All required environment variables validated"}
{"level":"info","message":"✅ MongoDB connected: ac-7wu8mts-shard-00-01.ju6heal.mongodb.net"}
{"level":"info","message":"✅ NotificationService running in In-Memory Socket.IO mode"}
{"level":"info","message":"🚀 Server running on port 5000 in development mode"}
{"level":"info","message":"🌐 Allowed origins: http://localhost:5173, http://localhost:5174, http://127.0.0.1:5500, https://your-app.herokuapp.com, https://your-custom-domain.com"}
{"error":"Invalid login: 535-5.7.8 Username and Password not accepted. For more information, go to\n535 5.7.8  https://support.google.com/mail/?p=BadCredentials 98e67ed59e1d1-36bc0c3d44fsm10943882a91.17 - gsmtp","level":"error","message":"Email transporter verification failed"}
{"level":"info","message":"✅ Token refreshed successfully","role":"owner","userId":"6a0e1c7651fe1e4077f88f87"}
{"level":"info","message":"✅ Token refreshed successfully","role":"owner","userId":"6a0e1c7651fe1e4077f88f87"}
{"level":"info","message":"📤 EMIT → notifications:audit","module":"notification"}
{"level":"info","message":"📤 EMIT → notifications:audit","module":"notification"}
{"level":"info","message":"✅ Token refreshed successfully","role":"owner","userId":"6a0e1c7651fe1e4077f88f87"}
{"level":"info","message":"✅ Token refreshed successfully","role":"owner","userId":"6a0e1c7651fe1e4077f88f87"}
{"level":"info","message":"📤 EMIT → notifications:audit","module":"notification"}
{"level":"info","message":"📤 EMIT → notifications:audit","module":"notification"}
{"level":"info","message":"✅ Token refreshed successfully","role":"owner","userId":"6a0e1c7651fe1e4077f88f87"}
{"level":"info","message":"✅ Token refreshed successfully","role":"owner","userId":"6a0e1c7651fe1e4077f88f87"}
{"level":"info","message":"📤 EMIT → notifications:audit","module":"notification"}
{"level":"info","message":"📤 EMIT → notifications:audit","module":"notification"}
{"level":"info","message":"✅ Token refreshed successfully","role":"owner","userId":"6a0e1c7651fe1e4077f88f87"}
{"level":"info","message":"✅ Token refreshed successfully","role":"owner","userId":"6a0e1c7651fe1e4077f88f87"}
{"level":"info","message":"📤 EMIT → notifications:audit","module":"notification"}
{"level":"info","message":"📤 EMIT → notifications:audit","module":"notification"}
{"level":"info","message":"✅ Token refreshed successfully","role":"owner","userId":"6a0e1c7651fe1e4077f88f87"}
{"level":"info","message":"✅ Token refreshed successfully","role":"owner","userId":"6a0e1c7651fe1e4077f88f87"}
{"level":"info","message":"📤 EMIT → notifications:audit","module":"notification"}
{"level":"info","message":"📤 EMIT → notifications:audit","module":"notification"}
{"level":"info","message":"✅ Token refreshed successfully","role":"owner","userId":"6a0e1c7651fe1e4077f88f87"}
{"level":"info","message":"✅ Token refreshed successfully","role":"owner","userId":"6a0e1c7651fe1e4077f88f87"}
{"level":"info","message":"📤 EMIT → notifications:audit","module":"notification"}
{"level":"info","message":"📤 EMIT → notifications:audit","module":"notification"}
{"level":"info","message":"✅ Token refreshed successfully","role":"owner","userId":"6a0e1c7651fe1e4077f88f87"}
{"level":"info","message":"✅ Token refreshed successfully","role":"owner","userId":"6a0e1c7651fe1e4077f88f87"}
{"level":"info","message":"📤 EMIT → notifications:audit","module":"notification"}
{"level":"info","message":"📤 EMIT → notifications:audit","module":"notification"}
{"level":"info","message":"✅ Token refreshed successfully","role":"owner","userId":"6a0e1c7651fe1e4077f88f87"}
{"level":"info","message":"✅ Token refreshed successfully","role":"owner","userId":"6a0e1c7651fe1e4077f88f87"}
{"level":"info","message":"📤 EMIT → notifications:audit","module":"notification"}
{"level":"info","message":"📤 EMIT → notifications:audit","module":"notification"}
{"level":"warn","message":"⚠️ Optional environment variables missing: STRIPE_SECRET_KEY. Some features may not work."}
{"level":"info","message":"✅ All required environment variables validated"}
{"level":"info","message":"✅ MongoDB connected: ac-7wu8mts-shard-00-01.ju6heal.mongodb.net"}
{"level":"info","message":"✅ NotificationService running in In-Memory Socket.IO mode"}
{"level":"info","message":"🚀 Server running on port 5000 in development mode"}
{"level":"info","message":"🌐 Allowed origins: http://localhost:5173, http://localhost:5174, http://127.0.0.1:5500, https://your-app.herokuapp.com, https://your-custom-domain.com"}
{"error":"Invalid login: 535-5.7.8 Username and Password not accepted. For more information, go to\n535 5.7.8  https://support.google.com/mail/?p=BadCredentials d2e1a72fcca58-8423c9f2058sm5470845b3a.45 - gsmtp","level":"error","message":"Email transporter verification failed"}
